/*
SQLyog Ultimate v11.24 (32 bit)
MySQL - 5.6.15-log : Database - onethink
*********************************************************************
*/

/*!40101 SET NAMES utf8 */;

/*!40101 SET SQL_MODE=''*/;

/*!40014 SET @OLD_UNIQUE_CHECKS=@@UNIQUE_CHECKS, UNIQUE_CHECKS=0 */;
/*!40014 SET @OLD_FOREIGN_KEY_CHECKS=@@FOREIGN_KEY_CHECKS, FOREIGN_KEY_CHECKS=0 */;
/*!40101 SET @OLD_SQL_MODE=@@SQL_MODE, SQL_MODE='NO_AUTO_VALUE_ON_ZERO' */;
/*!40111 SET @OLD_SQL_NOTES=@@SQL_NOTES, SQL_NOTES=0 */;
CREATE DATABASE /*!32312 IF NOT EXISTS*/`wensy` /*!40100 DEFAULT CHARACTER SET utf8 */;

USE `wensy`;

/*Table structure for table `wensy_action` */

DROP TABLE IF EXISTS `wensy_action`;

CREATE TABLE `wensy_action` (
  `id` int(11) unsigned NOT NULL AUTO_INCREMENT COMMENT '主键',
  `name` char(30) NOT NULL DEFAULT '' COMMENT '行为唯一标识',
  `title` char(80) NOT NULL DEFAULT '' COMMENT '行为说明',
  `remark` char(140) NOT NULL DEFAULT '' COMMENT '行为描述',
  `rule` text NOT NULL COMMENT '行为规则',
  `log` text NOT NULL COMMENT '日志规则',
  `type` tinyint(2) unsigned NOT NULL DEFAULT '1' COMMENT '类型',
  `status` tinyint(2) NOT NULL DEFAULT '0' COMMENT '状态',
  `update_time` int(11) unsigned NOT NULL DEFAULT '0' COMMENT '修改时间',
  PRIMARY KEY (`id`)
) ENGINE=MyISAM AUTO_INCREMENT=12 DEFAULT CHARSET=utf8 ROW_FORMAT=DYNAMIC COMMENT='系统行为表';

/*Data for the table `wensy_action` */

insert  into `wensy_action`(`id`,`name`,`title`,`remark`,`rule`,`log`,`type`,`status`,`update_time`) values (1,'user_login','用户登录','积分+10，每天一次','table:member|field:score|condition:uid={$self} AND status>-1|rule:score+10|cycle:24|max:1;','[user|get_nickname]在[time|time_format]登录了后台',1,1,1387181220),(2,'add_article','发布文章','积分+5，每天上限5次','table:member|field:score|condition:uid={$self}|rule:score+5|cycle:24|max:5','',2,0,1380173180),(3,'review','评论','评论积分+1，无限制','table:member|field:score|condition:uid={$self}|rule:score+1','',2,1,1383285646),(4,'add_document','发表文档','积分+10，每天上限5次','table:member|field:score|condition:uid={$self}|rule:score+10|cycle:24|max:5','[user|get_nickname]在[time|time_format]发表了一篇文章。\r\n表[model]，记录编号[record]。',2,0,1386139726),(5,'add_document_topic','发表讨论','积分+5，每天上限10次','table:member|field:score|condition:uid={$self}|rule:score+5|cycle:24|max:10','',2,0,1383285551),(6,'update_config','更新配置','新增或修改或删除配置','','',1,1,1383294988),(7,'update_model','更新模型','新增或修改模型','','',1,1,1383295057),(8,'update_attribute','更新属性','新增或更新或删除属性','','',1,1,1383295963),(9,'update_channel','更新导航','新增或修改或删除导航','','',1,1,1383296301),(10,'update_menu','更新菜单','新增或修改或删除菜单','','',1,1,1383296392),(11,'update_category','更新分类','新增或修改或删除分类','','',1,1,1383296765);

/*Table structure for table `wensy_action_log` */

DROP TABLE IF EXISTS `wensy_action_log`;

CREATE TABLE `wensy_action_log` (
  `id` int(10) unsigned NOT NULL AUTO_INCREMENT COMMENT '主键',
  `action_id` int(10) unsigned NOT NULL DEFAULT '0' COMMENT '行为id',
  `user_id` int(10) unsigned NOT NULL DEFAULT '0' COMMENT '执行用户id',
  `action_ip` bigint(20) NOT NULL COMMENT '执行行为者ip',
  `model` varchar(50) NOT NULL DEFAULT '' COMMENT '触发行为的表',
  `record_id` int(10) unsigned NOT NULL DEFAULT '0' COMMENT '触发行为的数据id',
  `remark` varchar(255) NOT NULL DEFAULT '' COMMENT '日志备注',
  `status` tinyint(2) NOT NULL DEFAULT '1' COMMENT '状态',
  `create_time` int(10) unsigned NOT NULL DEFAULT '0' COMMENT '执行行为的时间',
  PRIMARY KEY (`id`),
  KEY `action_ip_ix` (`action_ip`),
  KEY `action_id_ix` (`action_id`),
  KEY `user_id_ix` (`user_id`)
) ENGINE=MyISAM AUTO_INCREMENT=81 DEFAULT CHARSET=utf8 ROW_FORMAT=FIXED COMMENT='行为日志表';

/*Data for the table `wensy_action_log` */

insert  into `wensy_action_log`(`id`,`action_id`,`user_id`,`action_ip`,`model`,`record_id`,`remark`,`status`,`create_time`) values (1,1,1,2130706433,'member',1,'admin在2015-06-16 10:31登录了后台',1,1434421901),(2,10,1,2130706433,'Menu',2,'操作url：/index.php?s=/admin/menu/edit.html',1,1434423312),(3,10,1,2130706433,'Menu',16,'操作url：/index.php?s=/admin/menu/edit.html',1,1434423324),(4,10,1,2130706433,'Menu',2,'操作url：/index.php?s=/admin/menu/edit.html',1,1434423354),(5,10,1,2130706433,'Menu',16,'操作url：/index.php?s=/admin/menu/edit.html',1,1434423362),(6,1,1,2130706433,'member',1,'admin在2015-06-16 11:49登录了后台',1,1434426542),(7,9,1,2130706433,'channel',2,'操作url：/index.php?s=/admin/channel/edit.html',1,1434427065),(8,9,1,2130706433,'channel',3,'操作url：/index.php?s=/admin/channel/edit.html',1,1434427090),(9,9,1,2130706433,'channel',2,'操作url：/index.php?s=/admin/channel/edit.html',1,1434427098),(10,9,1,2130706433,'channel',1,'操作url：/index.php?s=/admin/channel/edit.html',1,1434433657),(11,1,1,2130706433,'member',1,'admin在2015-06-18 11:13登录了后台',1,1434597205),(12,1,1,2130706433,'member',1,'admin在2015-06-19 09:25登录了后台',1,1434677145),(13,1,1,2130706433,'member',1,'admin在2015-06-19 09:38登录了后台',1,1434677933),(14,10,1,2130706433,'Menu',122,'操作url：/index.php?s=/admin/menu/add.html',1,1434678373),(15,10,1,2130706433,'Menu',122,'操作url：/index.php?s=/admin/menu/edit.html',1,1434678390),(16,10,1,2130706433,'Menu',123,'操作url：/index.php?s=/admin/menu/add.html',1,1434678409),(17,10,1,2130706433,'Menu',124,'操作url：/index.php?s=/admin/menu/add.html',1,1434678423),(18,10,1,2130706433,'Menu',125,'操作url：/index.php?s=/admin/menu/add.html',1,1434678434),(19,10,1,2130706433,'Menu',126,'操作url：/index.php?s=/admin/menu/add.html',1,1434678449),(20,6,1,2130706433,'config',38,'操作url：/index.php?s=/admin/config/edit.html',1,1434678615),(21,10,1,2130706433,'Menu',127,'操作url：/index.php?s=/admin/menu/add.html',1,1434679129),(22,10,1,2130706433,'Menu',128,'操作url：/index.php?s=/admin/menu/add.html',1,1434679217),(23,10,1,2130706433,'Menu',129,'操作url：/index.php?s=/admin/menu/add.html',1,1434679230),(24,10,1,2130706433,'Menu',130,'操作url：/index.php?s=/admin/menu/add.html',1,1434679243),(25,10,1,2130706433,'Menu',131,'操作url：/index.php?s=/admin/menu/add.html',1,1434679258),(26,10,1,2130706433,'Menu',127,'操作url：/index.php?s=/admin/menu/edit.html',1,1434679278),(27,10,1,2130706433,'Menu',127,'操作url：/index.php?s=/admin/menu/edit.html',1,1434679521),(28,1,1,-1408236612,'member',1,'admin在2015-06-19 10:05登录了后台',1,1434679559),(29,1,1,2130706433,'member',1,'admin在2015-06-24 17:36登录了后台',1,1435138616),(30,1,1,2130706433,'member',1,'admin在2015-06-29 16:41登录了后台',1,1435567266),(31,1,1,2130706433,'member',1,'admin在2015-07-01 08:40登录了后台',1,1435711234),(32,1,1,2130706433,'member',1,'admin在2015-07-06 15:30登录了后台',1,1436167842),(33,1,1,2130706433,'member',1,'admin在2015-07-06 15:31登录了后台',1,1436167915),(34,1,1,2130706433,'member',1,'admin在2015-07-08 17:06登录了后台',1,1436346378),(35,1,1,2130706433,'member',1,'admin在2015-07-10 19:15登录了后台',1,1436526933),(36,1,1,2130706433,'member',1,'admin在2015-07-11 11:03登录了后台',1,1436583786),(37,10,1,2130706433,'Menu',132,'操作url：/index.php?s=/admin/menu/add.html',1,1436585080),(38,10,1,2130706433,'Menu',132,'操作url：/index.php?s=/admin/menu/edit.html',1,1436585357),(39,10,1,2130706433,'Menu',133,'操作url：/index.php?s=/admin/menu/add.html',1,1436588635),(40,10,1,2130706433,'Menu',134,'操作url：/index.php?s=/admin/menu/add.html',1,1436588662),(41,10,1,2130706433,'Menu',135,'操作url：/index.php?s=/admin/menu/add.html',1,1436588702),(42,10,1,2130706433,'Menu',136,'操作url：/index.php?s=/admin/menu/add.html',1,1436588734),(43,10,1,2130706433,'Menu',137,'操作url：/index.php?s=/admin/menu/add.html',1,1436588772),(44,10,1,2130706433,'Menu',138,'操作url：/index.php?s=/admin/menu/add.html',1,1436588797),(45,11,1,2130706433,'category',1,'操作url：/index.php?s=/admin/category_pro/edit.html',1,1436588846),(46,7,1,2130706433,'model',4,'操作url：/index.php?s=/admin/model/update.html',1,1436589301),(47,7,1,2130706433,'model',4,'操作url：/index.php?s=/admin/model/update.html',1,1436589437),(48,8,1,2130706433,'attribute',33,'操作url：/index.php?s=/admin/attribute/update.html',1,1436589605),(49,8,1,2130706433,'attribute',34,'操作url：/index.php?s=/admin/attribute/update.html',1,1436589649),(50,8,1,2130706433,'attribute',35,'操作url：/index.php?s=/admin/attribute/update.html',1,1436589802),(51,8,1,2130706433,'attribute',36,'操作url：/index.php?s=/admin/attribute/update.html',1,1436589897),(52,8,1,2130706433,'attribute',37,'操作url：/index.php?s=/admin/attribute/update.html',1,1436590001),(53,8,1,2130706433,'attribute',38,'操作url：/index.php?s=/admin/attribute/update.html',1,1436590091),(54,8,1,2130706433,'attribute',39,'操作url：/index.php?s=/admin/attribute/update.html',1,1436590176),(55,8,1,2130706433,'attribute',40,'操作url：/index.php?s=/admin/attribute/update.html',1,1436590397),(56,8,1,2130706433,'attribute',41,'操作url：/index.php?s=/admin/attribute/update.html',1,1436590479),(57,8,1,2130706433,'attribute',42,'操作url：/index.php?s=/admin/attribute/update.html',1,1436590565),(58,8,1,2130706433,'attribute',43,'操作url：/index.php?s=/admin/attribute/update.html',1,1436590664),(59,8,1,2130706433,'attribute',44,'操作url：/index.php?s=/admin/attribute/update.html',1,1436590727),(60,8,1,2130706433,'attribute',45,'操作url：/index.php?s=/admin/attribute/update.html',1,1436590813),(61,8,1,2130706433,'attribute',46,'操作url：/index.php?s=/admin/attribute/update.html',1,1436590845),(62,8,1,2130706433,'attribute',47,'操作url：/index.php?s=/admin/attribute/update.html',1,1436590916),(63,8,1,2130706433,'attribute',48,'操作url：/index.php?s=/admin/attribute/update.html',1,1436590976),(64,8,1,2130706433,'attribute',49,'操作url：/index.php?s=/admin/attribute/update.html',1,1436591015),(65,7,1,2130706433,'model',4,'操作url：/index.php?s=/admin/model/update.html',1,1436593699),(66,8,1,2130706433,'attribute',50,'操作url：/index.php?s=/admin/attribute/update.html',1,1436593742),(67,11,1,2130706433,'category',2,'操作url：/index.php?s=/admin/category_pro/edit.html',1,1436593758),(68,11,1,2130706433,'category',2,'操作url：/index.php?s=/admin/category_pro/edit.html',1,1436593945),(69,1,1,2130706433,'member',1,'admin在2015-07-14 09:50登录了后台',1,1436838654),(70,1,1,2130706433,'member',1,'admin在2015-07-15 08:35登录了后台',1,1436920505),(71,1,1,2130706433,'member',1,'admin在2015-07-15 08:35登录了后台',1,1436920553),(72,1,1,2130706433,'member',1,'admin在2015-07-17 18:01登录了后台',1,1437127298),(73,1,1,2130706433,'member',1,'admin在2015-07-17 18:10登录了后台',1,1437127806),(74,1,1,2130706433,'member',1,'admin在2015-07-23 16:40登录了后台',1,1437640848),(75,11,1,2130706433,'category',2,'操作url：/index.php?s=/admin/category/edit.html',1,1437640869),(76,1,1,2130706433,'member',1,'admin在2015-07-29 08:04登录了后台',1,1438128290),(77,1,1,2130706433,'member',1,'admin在2015-07-31 13:38登录了后台',1,1438321105),(78,9,1,2130706433,'channel',1,'操作url：/index.php?s=/admin/channel/edit.html',1,1438321707),(79,6,1,2130706433,'config',47,'操作url：/index.php?s=/admin/config/edit.html',1,1441849610),(80,1,1,2130706433,'member',1,'admin在2015-09-10 16:39登录了后台',1,1441874350);

/*Table structure for table `wensy_addons` */

DROP TABLE IF EXISTS `wensy_addons`;

CREATE TABLE `wensy_addons` (
  `id` int(10) unsigned NOT NULL AUTO_INCREMENT COMMENT '主键',
  `name` varchar(40) NOT NULL COMMENT '插件名或标识',
  `title` varchar(20) NOT NULL DEFAULT '' COMMENT '中文名',
  `description` text COMMENT '插件描述',
  `status` tinyint(1) NOT NULL DEFAULT '1' COMMENT '状态',
  `config` text COMMENT '配置',
  `author` varchar(40) DEFAULT '' COMMENT '作者',
  `version` varchar(20) DEFAULT '' COMMENT '版本号',
  `create_time` int(10) unsigned NOT NULL DEFAULT '0' COMMENT '安装时间',
  `has_adminlist` tinyint(1) unsigned NOT NULL DEFAULT '0' COMMENT '是否有后台列表',
  PRIMARY KEY (`id`)
) ENGINE=MyISAM AUTO_INCREMENT=19 DEFAULT CHARSET=utf8 COMMENT='插件表';

/*Data for the table `wensy_addons` */

insert  into `wensy_addons`(`id`,`name`,`title`,`description`,`status`,`config`,`author`,`version`,`create_time`,`has_adminlist`) values (15,'EditorForAdmin','后台编辑器','用于增强整站长文本的输入和显示',1,'{\"editor_type\":\"2\",\"editor_wysiwyg\":\"1\",\"editor_height\":\"500px\",\"editor_resize_type\":\"1\"}','thinkphp','0.1',1383126253,0),(2,'SiteStat','站点统计信息','统计站点的基础信息',1,'{\"title\":\"\\u7cfb\\u7edf\\u4fe1\\u606f\",\"width\":\"1\",\"display\":\"1\",\"status\":\"0\"}','thinkphp','0.1',1379512015,0),(3,'DevTeam','开发团队信息','开发团队成员信息',0,'{\"title\":\"OneThink\\u5f00\\u53d1\\u56e2\\u961f\",\"width\":\"2\",\"display\":\"1\"}','thinkphp','0.1',1379512022,0),(4,'SystemInfo','系统环境信息','用于显示一些服务器的信息',1,'{\"title\":\"\\u7cfb\\u7edf\\u4fe1\\u606f\",\"width\":\"2\",\"display\":\"1\"}','thinkphp','0.1',1379512036,0),(5,'Editor','前台编辑器','用于增强整站长文本的输入和显示',1,'{\"editor_type\":\"2\",\"editor_wysiwyg\":\"1\",\"editor_height\":\"300px\",\"editor_resize_type\":\"1\"}','thinkphp','0.1',1379830910,0),(6,'Attachment','附件','用于文档模型上传附件',1,'null','thinkphp','0.1',1379842319,1),(9,'SocialComment','通用社交化评论','集成了各种社交化评论插件，轻松集成到系统中。',1,'{\"comment_type\":\"1\",\"comment_uid_youyan\":\"\",\"comment_short_name_duoshuo\":\"\",\"comment_data_list_duoshuo\":\"\"}','thinkphp','0.1',1380273962,0),(16,'SyncLogin','第三方账号同步登陆','第三方账号同步登陆',1,'{\"type\":[\"Qq\",\"Sina\"],\"meta\":\"\",\"QqKEY\":\"\",\"QqSecret\":\"\",\"SinaKEY\":\"\",\"SinaSecret\":\"\"}','yidian','0.1',1435658531,0),(18,'UploadImages','多图上传','多图上传',1,'null','lhb','0.1',1436584755,0);

/*Table structure for table `wensy_attachment` */

DROP TABLE IF EXISTS `wensy_attachment`;

CREATE TABLE `wensy_attachment` (
  `id` int(10) unsigned NOT NULL AUTO_INCREMENT,
  `uid` int(10) unsigned NOT NULL DEFAULT '0' COMMENT '用户ID',
  `title` char(30) NOT NULL DEFAULT '' COMMENT '附件显示名',
  `type` tinyint(3) unsigned NOT NULL DEFAULT '0' COMMENT '附件类型',
  `source` int(10) unsigned NOT NULL DEFAULT '0' COMMENT '资源ID',
  `record_id` int(10) unsigned NOT NULL DEFAULT '0' COMMENT '关联记录ID',
  `download` int(10) unsigned NOT NULL DEFAULT '0' COMMENT '下载次数',
  `size` bigint(20) unsigned NOT NULL DEFAULT '0' COMMENT '附件大小',
  `dir` int(12) unsigned NOT NULL DEFAULT '0' COMMENT '上级目录ID',
  `sort` int(8) unsigned NOT NULL DEFAULT '0' COMMENT '排序',
  `create_time` int(10) unsigned NOT NULL DEFAULT '0' COMMENT '创建时间',
  `update_time` int(11) unsigned NOT NULL DEFAULT '0' COMMENT '更新时间',
  `status` tinyint(1) NOT NULL DEFAULT '0' COMMENT '状态',
  PRIMARY KEY (`id`),
  KEY `idx_record_status` (`record_id`,`status`)
) ENGINE=MyISAM DEFAULT CHARSET=utf8 COMMENT='附件表';

/*Data for the table `wensy_attachment` */

/*Table structure for table `wensy_attribute` */

DROP TABLE IF EXISTS `wensy_attribute`;

CREATE TABLE `wensy_attribute` (
  `id` int(10) unsigned NOT NULL AUTO_INCREMENT,
  `name` varchar(30) NOT NULL DEFAULT '' COMMENT '字段名',
  `title` varchar(100) NOT NULL DEFAULT '' COMMENT '字段注释',
  `field` varchar(100) NOT NULL DEFAULT '' COMMENT '字段定义',
  `type` varchar(20) NOT NULL DEFAULT '' COMMENT '数据类型',
  `value` varchar(100) NOT NULL DEFAULT '' COMMENT '字段默认值',
  `remark` varchar(100) NOT NULL DEFAULT '' COMMENT '备注',
  `is_show` tinyint(1) unsigned NOT NULL DEFAULT '1' COMMENT '是否显示',
  `extra` varchar(255) NOT NULL DEFAULT '' COMMENT '参数',
  `model_id` int(10) unsigned NOT NULL DEFAULT '0' COMMENT '模型id',
  `is_must` tinyint(1) unsigned NOT NULL DEFAULT '0' COMMENT '是否必填',
  `status` tinyint(2) NOT NULL DEFAULT '0' COMMENT '状态',
  `update_time` int(11) unsigned NOT NULL DEFAULT '0' COMMENT '更新时间',
  `create_time` int(11) unsigned NOT NULL DEFAULT '0' COMMENT '创建时间',
  `validate_rule` varchar(255) NOT NULL,
  `validate_time` tinyint(1) unsigned NOT NULL,
  `error_info` varchar(100) NOT NULL,
  `validate_type` varchar(25) NOT NULL,
  `auto_rule` varchar(100) NOT NULL,
  `auto_time` tinyint(1) unsigned NOT NULL,
  `auto_type` varchar(25) NOT NULL,
  PRIMARY KEY (`id`),
  KEY `model_id` (`model_id`)
) ENGINE=MyISAM AUTO_INCREMENT=51 DEFAULT CHARSET=utf8 COMMENT='模型属性表';

/*Data for the table `wensy_attribute` */

insert  into `wensy_attribute`(`id`,`name`,`title`,`field`,`type`,`value`,`remark`,`is_show`,`extra`,`model_id`,`is_must`,`status`,`update_time`,`create_time`,`validate_rule`,`validate_time`,`error_info`,`validate_type`,`auto_rule`,`auto_time`,`auto_type`) values (1,'uid','用户ID','int(10) unsigned NOT NULL ','num','0','',0,'',1,0,1,1384508362,1383891233,'',0,'','','',0,''),(2,'name','标识','char(40) NOT NULL ','string','','同一根节点下标识不重复',1,'',1,0,1,1383894743,1383891233,'',0,'','','',0,''),(3,'title','标题','char(80) NOT NULL ','string','','文档标题',1,'',1,0,1,1383894778,1383891233,'',0,'','','',0,''),(4,'category_id','所属分类','int(10) unsigned NOT NULL ','string','','',0,'',1,0,1,1384508336,1383891233,'',0,'','','',0,''),(5,'description','描述','char(140) NOT NULL ','textarea','','',1,'',1,0,1,1383894927,1383891233,'',0,'','','',0,''),(6,'root','根节点','int(10) unsigned NOT NULL ','num','0','该文档的顶级文档编号',0,'',1,0,1,1384508323,1383891233,'',0,'','','',0,''),(7,'pid','所属ID','int(10) unsigned NOT NULL ','num','0','父文档编号',0,'',1,0,1,1384508543,1383891233,'',0,'','','',0,''),(8,'model_id','内容模型ID','tinyint(3) unsigned NOT NULL ','num','0','该文档所对应的模型',0,'',1,0,1,1384508350,1383891233,'',0,'','','',0,''),(9,'type','内容类型','tinyint(3) unsigned NOT NULL ','select','2','',1,'1:目录\r\n2:主题\r\n3:段落',1,0,1,1384511157,1383891233,'',0,'','','',0,''),(10,'position','推荐位','smallint(5) unsigned NOT NULL ','checkbox','0','多个推荐则将其推荐值相加',1,'1:列表推荐\r\n2:频道页推荐\r\n4:首页推荐',1,0,1,1383895640,1383891233,'',0,'','','',0,''),(11,'link_id','外链','int(10) unsigned NOT NULL ','num','0','0-非外链，大于0-外链ID,需要函数进行链接与编号的转换',1,'',1,0,1,1383895757,1383891233,'',0,'','','',0,''),(12,'cover_id','封面','int(10) unsigned NOT NULL ','picture','0','0-无封面，大于0-封面图片ID，需要函数处理',1,'',1,0,1,1384147827,1383891233,'',0,'','','',0,''),(13,'display','可见性','tinyint(3) unsigned NOT NULL ','radio','1','',1,'0:不可见\r\n1:所有人可见',1,0,1,1386662271,1383891233,'',0,'','regex','',0,'function'),(14,'deadline','截至时间','int(10) unsigned NOT NULL ','datetime','0','0-永久有效',1,'',1,0,1,1387163248,1383891233,'',0,'','regex','',0,'function'),(15,'attach','附件数量','tinyint(3) unsigned NOT NULL ','num','0','',0,'',1,0,1,1387260355,1383891233,'',0,'','regex','',0,'function'),(16,'view','浏览量','int(10) unsigned NOT NULL ','num','0','',1,'',1,0,1,1383895835,1383891233,'',0,'','','',0,''),(17,'comment','评论数','int(10) unsigned NOT NULL ','num','0','',1,'',1,0,1,1383895846,1383891233,'',0,'','','',0,''),(18,'extend','扩展统计字段','int(10) unsigned NOT NULL ','num','0','根据需求自行使用',0,'',1,0,1,1384508264,1383891233,'',0,'','','',0,''),(19,'level','优先级','int(10) unsigned NOT NULL ','num','0','越高排序越靠前',1,'',1,0,1,1383895894,1383891233,'',0,'','','',0,''),(20,'create_time','创建时间','int(10) unsigned NOT NULL ','datetime','0','',1,'',1,0,1,1383895903,1383891233,'',0,'','','',0,''),(21,'update_time','更新时间','int(10) unsigned NOT NULL ','datetime','0','',0,'',1,0,1,1384508277,1383891233,'',0,'','','',0,''),(22,'status','数据状态','tinyint(4) NOT NULL ','radio','0','',0,'-1:删除\r\n0:禁用\r\n1:正常\r\n2:待审核\r\n3:草稿',1,0,1,1384508496,1383891233,'',0,'','','',0,''),(23,'parse','内容解析类型','tinyint(3) unsigned NOT NULL ','select','0','',0,'0:html\r\n1:ubb\r\n2:markdown',2,0,1,1384511049,1383891243,'',0,'','','',0,''),(24,'content','文章内容','text NOT NULL ','editor','','',1,'',2,0,1,1383896225,1383891243,'',0,'','','',0,''),(25,'template','详情页显示模板','varchar(100) NOT NULL ','string','','参照display方法参数的定义',1,'',2,0,1,1383896190,1383891243,'',0,'','','',0,''),(26,'bookmark','收藏数','int(10) unsigned NOT NULL ','num','0','',1,'',2,0,1,1383896103,1383891243,'',0,'','','',0,''),(27,'parse','内容解析类型','tinyint(3) unsigned NOT NULL ','select','0','',0,'0:html\r\n1:ubb\r\n2:markdown',3,0,1,1387260461,1383891252,'',0,'','regex','',0,'function'),(28,'content','下载详细描述','text NOT NULL ','editor','','',1,'',3,0,1,1383896438,1383891252,'',0,'','','',0,''),(29,'template','详情页显示模板','varchar(100) NOT NULL ','string','','',1,'',3,0,1,1383896429,1383891252,'',0,'','','',0,''),(30,'file_id','文件ID','int(10) unsigned NOT NULL ','file','0','需要函数处理',1,'',3,0,1,1383896415,1383891252,'',0,'','','',0,''),(31,'download','下载次数','int(10) unsigned NOT NULL ','num','0','',1,'',3,0,1,1383896380,1383891252,'',0,'','','',0,''),(32,'size','文件大小','bigint(20) unsigned NOT NULL ','num','0','单位bit',1,'',3,0,1,1383896371,1383891252,'',0,'','','',0,''),(33,'create_time','创建时间','int(10) NOT NULL','datetime','0','产品添加时间',1,'',4,0,1,1436589605,1436589605,'',3,'','regex','',3,'function'),(34,'update_time','更新时间','int(10) NOT NULL','datetime','0','产品更新时间',1,'',4,0,1,1436589649,1436589649,'',3,'','regex','',3,'function'),(35,'status','数据状态','char(10) NOT NULL','radio','0','',0,'-1:删除\r\n0:禁用\r\n1:正常\r\n2:待审核\r\n3:草稿',4,0,1,1436589802,1436589802,'',3,'','regex','',3,'function'),(36,'cover_id','封面','int(10) UNSIGNED NOT NULL','picture','0','0-无封面，大于0-封面图片ID，需要函数处理',1,'',4,0,1,1436589897,1436589897,'',3,'','regex','',3,'function'),(37,'position','推荐位','smallint(5) unsigned NOT NULL ','checkbox','0','多个推荐则将其推荐值相加',1,'1:列表推荐\r\n2:频道页推荐\r\n4:首页推荐',4,0,1,1436590001,1436590001,'',3,'','regex','',3,'function'),(38,'category_id','所属分类','int(10) unsigned NOT NULL ','string','','',0,'',4,0,1,1436590091,1436590091,'',3,'','regex','',3,'function'),(39,'title','产品名称','char(80) NOT NULL ','string','','产品名称',1,'',4,0,1,1436590176,1436590176,'',3,'','regex','',3,'function'),(40,'description','描述','char(140) NOT NULL ','textarea','','产品描述',1,'',4,0,1,1436590397,1436590397,'',3,'','regex','',3,'function'),(41,'uid','用户ID','int(10) UNSIGNED NOT NULL','num','0','',0,'',4,0,1,1436590479,1436590479,'',3,'','regex','',3,'function'),(42,'model_id','内容模型ID','tinyint(3) unsigned NOT NULL','num','0','该文档所对应的模型',0,'',4,0,1,1436590565,1436590565,'',3,'','regex','',3,'function'),(43,'level','优先级','int(10) UNSIGNED NOT NULL','num','0','越高排序越靠前',1,'',4,0,1,1436590664,1436590664,'',3,'','regex','',3,'function'),(44,'attach','附件数量','int(10) UNSIGNED NOT NULL','num','0','tinyint(3) unsigned NOT NULL ',0,'',4,0,1,1436590727,1436590727,'',3,'','regex','',3,'function'),(45,'display','可见性','tinyint(3) unsigned NOT NULL ','radio','1','',1,'0:不可见\r\n1:所有人可见',4,0,1,1436590813,1436590813,'',3,'','regex','',3,'function'),(46,'view','浏览量','int(10) UNSIGNED NOT NULL','num','0','',1,'',4,0,1,1436590846,1436590846,'',3,'','regex','',3,'function'),(47,'deadline','截至时间','int(10) NOT NULL','datetime','0','0-永久有效',1,'',4,0,1,1436590916,1436590916,'',3,'','regex','',3,'function'),(48,'pid','所属ID','int(10) UNSIGNED NOT NULL','num','0','父文档编号',0,'',4,0,1,1436590976,1436590976,'',3,'','regex','',3,'function'),(49,'root','根节点','int(10) UNSIGNED NOT NULL','num','0','该文档的顶级文档编号',0,'',4,0,1,1436591015,1436591015,'',3,'','regex','',3,'function'),(50,'pictures','产品图集','text NOT NULL','pictures','','',1,'',4,0,1,1436593742,1436593742,'',3,'','regex','',3,'function');

/*Table structure for table `wensy_auth_extend` */

DROP TABLE IF EXISTS `wensy_auth_extend`;

CREATE TABLE `wensy_auth_extend` (
  `group_id` mediumint(10) unsigned NOT NULL COMMENT '用户id',
  `extend_id` mediumint(8) unsigned NOT NULL COMMENT '扩展表中数据的id',
  `type` tinyint(1) unsigned NOT NULL COMMENT '扩展类型标识 1:栏目分类权限;2:模型权限',
  UNIQUE KEY `group_extend_type` (`group_id`,`extend_id`,`type`),
  KEY `uid` (`group_id`),
  KEY `group_id` (`extend_id`)
) ENGINE=MyISAM DEFAULT CHARSET=utf8 COMMENT='用户组与分类的对应关系表';

/*Data for the table `wensy_auth_extend` */

insert  into `wensy_auth_extend`(`group_id`,`extend_id`,`type`) values (1,1,1),(1,1,2),(1,2,1),(1,2,2),(1,3,1),(1,3,2),(1,4,1),(1,37,1);

/*Table structure for table `wensy_auth_group` */

DROP TABLE IF EXISTS `wensy_auth_group`;

CREATE TABLE `wensy_auth_group` (
  `id` mediumint(8) unsigned NOT NULL AUTO_INCREMENT COMMENT '用户组id,自增主键',
  `module` varchar(20) NOT NULL COMMENT '用户组所属模块',
  `type` tinyint(4) NOT NULL COMMENT '组类型',
  `title` char(20) NOT NULL DEFAULT '' COMMENT '用户组中文名称',
  `description` varchar(80) NOT NULL DEFAULT '' COMMENT '描述信息',
  `status` tinyint(1) NOT NULL DEFAULT '1' COMMENT '用户组状态：为1正常，为0禁用,-1为删除',
  `rules` varchar(500) NOT NULL DEFAULT '' COMMENT '用户组拥有的规则id，多个规则 , 隔开',
  PRIMARY KEY (`id`)
) ENGINE=MyISAM AUTO_INCREMENT=3 DEFAULT CHARSET=utf8;

/*Data for the table `wensy_auth_group` */

insert  into `wensy_auth_group`(`id`,`module`,`type`,`title`,`description`,`status`,`rules`) values (1,'admin',1,'默认用户组','',1,'1,2,7,8,9,10,11,12,13,14,15,16,17,18,19,20,21,22,23,24,25,26,27,28,29,30,31,32,33,34,35,36,37,38,39,40,41,42,43,44,45,46,47,48,49,50,51,52,53,54,55,56,57,58,59,60,61,62,63,64,65,66,67,68,69,70,71,72,73,74,79,80,81,82,83,84,86,87,88,89,90,91,92,93,94,95,96,97,100,102,103,105,106'),(2,'admin',1,'测试用户','测试用户',1,'1,2,5,7,8,9,10,11,12,13,14,15,16,17,18,19,20,21,22,23,24,25,26,27,56,57,58,59,60,61,62,63,64,65,66,67,68,69,70,71,72,73,74,79,80,82,83,84,88,89,90,91,92,93,96,97,100,102,103,195');

/*Table structure for table `wensy_auth_group_access` */

DROP TABLE IF EXISTS `wensy_auth_group_access`;

CREATE TABLE `wensy_auth_group_access` (
  `uid` int(10) unsigned NOT NULL COMMENT '用户id',
  `group_id` mediumint(8) unsigned NOT NULL COMMENT '用户组id',
  UNIQUE KEY `uid_group_id` (`uid`,`group_id`),
  KEY `uid` (`uid`),
  KEY `group_id` (`group_id`)
) ENGINE=MyISAM DEFAULT CHARSET=utf8;

/*Data for the table `wensy_auth_group_access` */

/*Table structure for table `wensy_auth_rule` */

DROP TABLE IF EXISTS `wensy_auth_rule`;

CREATE TABLE `wensy_auth_rule` (
  `id` mediumint(8) unsigned NOT NULL AUTO_INCREMENT COMMENT '规则id,自增主键',
  `module` varchar(20) NOT NULL COMMENT '规则所属module',
  `type` tinyint(2) NOT NULL DEFAULT '1' COMMENT '1-url;2-主菜单',
  `name` char(80) NOT NULL DEFAULT '' COMMENT '规则唯一英文标识',
  `title` char(20) NOT NULL DEFAULT '' COMMENT '规则中文描述',
  `status` tinyint(1) NOT NULL DEFAULT '1' COMMENT '是否有效(0:无效,1:有效)',
  `condition` varchar(300) NOT NULL DEFAULT '' COMMENT '规则附加条件',
  PRIMARY KEY (`id`),
  KEY `module` (`module`,`status`,`type`)
) ENGINE=MyISAM AUTO_INCREMENT=217 DEFAULT CHARSET=utf8;

/*Data for the table `wensy_auth_rule` */

insert  into `wensy_auth_rule`(`id`,`module`,`type`,`name`,`title`,`status`,`condition`) values (1,'admin',2,'Admin/Index/index','首页',1,''),(2,'admin',2,'Admin/Article/mydocument','内容',1,''),(3,'admin',2,'Admin/User/index','用户',1,''),(4,'admin',2,'Admin/Addons/index','扩展',1,''),(5,'admin',2,'Admin/Config/group','系统',1,''),(7,'admin',1,'Admin/article/add','新增',1,''),(8,'admin',1,'Admin/article/edit','编辑',1,''),(9,'admin',1,'Admin/article/setStatus','改变状态',1,''),(10,'admin',1,'Admin/article/update','保存',1,''),(11,'admin',1,'Admin/article/autoSave','保存草稿',1,''),(12,'admin',1,'Admin/article/move','移动',1,''),(13,'admin',1,'Admin/article/copy','复制',1,''),(14,'admin',1,'Admin/article/paste','粘贴',1,''),(15,'admin',1,'Admin/article/permit','还原',1,''),(16,'admin',1,'Admin/article/clear','清空',1,''),(17,'admin',1,'Admin/article/index','文档列表',1,''),(18,'admin',1,'Admin/article/recycle','回收站',1,''),(19,'admin',1,'Admin/User/addaction','新增用户行为',1,''),(20,'admin',1,'Admin/User/editaction','编辑用户行为',1,''),(21,'admin',1,'Admin/User/saveAction','保存用户行为',1,''),(22,'admin',1,'Admin/User/setStatus','变更行为状态',1,''),(23,'admin',1,'Admin/User/changeStatus?method=forbidUser','禁用会员',1,''),(24,'admin',1,'Admin/User/changeStatus?method=resumeUser','启用会员',1,''),(25,'admin',1,'Admin/User/changeStatus?method=deleteUser','删除会员',1,''),(26,'admin',1,'Admin/User/index','用户信息',1,''),(27,'admin',1,'Admin/User/action','用户行为',1,''),(28,'admin',1,'Admin/AuthManager/changeStatus?method=deleteGroup','删除',1,''),(29,'admin',1,'Admin/AuthManager/changeStatus?method=forbidGroup','禁用',1,''),(30,'admin',1,'Admin/AuthManager/changeStatus?method=resumeGroup','恢复',1,''),(31,'admin',1,'Admin/AuthManager/createGroup','新增',1,''),(32,'admin',1,'Admin/AuthManager/editGroup','编辑',1,''),(33,'admin',1,'Admin/AuthManager/writeGroup','保存用户组',1,''),(34,'admin',1,'Admin/AuthManager/group','授权',1,''),(35,'admin',1,'Admin/AuthManager/access','访问授权',1,''),(36,'admin',1,'Admin/AuthManager/user','成员授权',1,''),(37,'admin',1,'Admin/AuthManager/removeFromGroup','解除授权',1,''),(38,'admin',1,'Admin/AuthManager/addToGroup','保存成员授权',1,''),(39,'admin',1,'Admin/AuthManager/category','分类授权',1,''),(40,'admin',1,'Admin/AuthManager/addToCategory','保存分类授权',1,''),(41,'admin',1,'Admin/AuthManager/index','权限管理',1,''),(42,'admin',1,'Admin/Addons/create','创建',1,''),(43,'admin',1,'Admin/Addons/checkForm','检测创建',1,''),(44,'admin',1,'Admin/Addons/preview','预览',1,''),(45,'admin',1,'Admin/Addons/build','快速生成插件',1,''),(46,'admin',1,'Admin/Addons/config','设置',1,''),(47,'admin',1,'Admin/Addons/disable','禁用',1,''),(48,'admin',1,'Admin/Addons/enable','启用',1,''),(49,'admin',1,'Admin/Addons/install','安装',1,''),(50,'admin',1,'Admin/Addons/uninstall','卸载',1,''),(51,'admin',1,'Admin/Addons/saveconfig','更新配置',1,''),(52,'admin',1,'Admin/Addons/adminList','插件后台列表',1,''),(53,'admin',1,'Admin/Addons/execute','URL方式访问插件',1,''),(54,'admin',1,'Admin/Addons/index','插件管理',1,''),(55,'admin',1,'Admin/Addons/hooks','钩子管理',1,''),(56,'admin',1,'Admin/model/add','新增',1,''),(57,'admin',1,'Admin/model/edit','编辑',1,''),(58,'admin',1,'Admin/model/setStatus','改变状态',1,''),(59,'admin',1,'Admin/model/update','保存数据',1,''),(60,'admin',1,'Admin/Model/index','模型管理',1,''),(61,'admin',1,'Admin/Config/edit','编辑',1,''),(62,'admin',1,'Admin/Config/del','删除',1,''),(63,'admin',1,'Admin/Config/add','新增',1,''),(64,'admin',1,'Admin/Config/save','保存',1,''),(65,'admin',1,'Admin/Config/group','网站设置',1,''),(66,'admin',1,'Admin/Config/index','配置管理',1,''),(67,'admin',1,'Admin/Channel/add','新增',1,''),(68,'admin',1,'Admin/Channel/edit','编辑',1,''),(69,'admin',1,'Admin/Channel/del','删除',1,''),(70,'admin',1,'Admin/Channel/index','导航管理',1,''),(71,'admin',1,'Admin/Category/edit','编辑',1,''),(72,'admin',1,'Admin/Category/add','新增',1,''),(73,'admin',1,'Admin/Category/remove','删除',1,''),(74,'admin',1,'Admin/Category/index','分类管理',1,''),(75,'admin',1,'Admin/file/upload','上传控件',-1,''),(76,'admin',1,'Admin/file/uploadPicture','上传图片',-1,''),(77,'admin',1,'Admin/file/download','下载',-1,''),(94,'admin',1,'Admin/AuthManager/modelauth','模型授权',1,''),(79,'admin',1,'Admin/article/batchOperate','导入',1,''),(80,'admin',1,'Admin/Database/index?type=export','备份数据库',1,''),(81,'admin',1,'Admin/Database/index?type=import','还原数据库',1,''),(82,'admin',1,'Admin/Database/export','备份',1,''),(83,'admin',1,'Admin/Database/optimize','优化表',1,''),(84,'admin',1,'Admin/Database/repair','修复表',1,''),(86,'admin',1,'Admin/Database/import','恢复',1,''),(87,'admin',1,'Admin/Database/del','删除',1,''),(88,'admin',1,'Admin/User/add','新增用户',1,''),(89,'admin',1,'Admin/Attribute/index','属性管理',1,''),(90,'admin',1,'Admin/Attribute/add','新增',1,''),(91,'admin',1,'Admin/Attribute/edit','编辑',1,''),(92,'admin',1,'Admin/Attribute/setStatus','改变状态',1,''),(93,'admin',1,'Admin/Attribute/update','保存数据',1,''),(95,'admin',1,'Admin/AuthManager/addToModel','保存模型授权',1,''),(96,'admin',1,'Admin/Category/move','移动',-1,''),(97,'admin',1,'Admin/Category/merge','合并',-1,''),(98,'admin',1,'Admin/Config/menu','后台菜单管理',-1,''),(99,'admin',1,'Admin/Article/mydocument','内容',-1,''),(100,'admin',1,'Admin/Menu/index','菜单管理',1,''),(101,'admin',1,'Admin/other','其他',-1,''),(102,'admin',1,'Admin/Menu/add','新增',1,''),(103,'admin',1,'Admin/Menu/edit','编辑',1,''),(104,'admin',1,'Admin/Think/lists?model=article','文章管理',-1,''),(105,'admin',1,'Admin/Think/lists?model=download','下载管理',1,''),(106,'admin',1,'Admin/Think/lists?model=config','配置管理',1,''),(107,'admin',1,'Admin/Action/actionlog','行为日志',1,''),(108,'admin',1,'Admin/User/updatePassword','修改密码',1,''),(109,'admin',1,'Admin/User/updateNickname','修改昵称',1,''),(110,'admin',1,'Admin/action/edit','查看行为日志',1,''),(205,'admin',1,'Admin/think/add','新增数据',1,''),(111,'admin',2,'Admin/article/index','文档列表',-1,''),(112,'admin',2,'Admin/article/add','新增',-1,''),(113,'admin',2,'Admin/article/edit','编辑',-1,''),(114,'admin',2,'Admin/article/setStatus','改变状态',-1,''),(115,'admin',2,'Admin/article/update','保存',-1,''),(116,'admin',2,'Admin/article/autoSave','保存草稿',-1,''),(117,'admin',2,'Admin/article/move','移动',-1,''),(118,'admin',2,'Admin/article/copy','复制',-1,''),(119,'admin',2,'Admin/article/paste','粘贴',-1,''),(120,'admin',2,'Admin/article/batchOperate','导入',-1,''),(121,'admin',2,'Admin/article/recycle','回收站',-1,''),(122,'admin',2,'Admin/article/permit','还原',-1,''),(123,'admin',2,'Admin/article/clear','清空',-1,''),(124,'admin',2,'Admin/User/add','新增用户',-1,''),(125,'admin',2,'Admin/User/action','用户行为',-1,''),(126,'admin',2,'Admin/User/addAction','新增用户行为',-1,''),(127,'admin',2,'Admin/User/editAction','编辑用户行为',-1,''),(128,'admin',2,'Admin/User/saveAction','保存用户行为',-1,''),(129,'admin',2,'Admin/User/setStatus','变更行为状态',-1,''),(130,'admin',2,'Admin/User/changeStatus?method=forbidUser','禁用会员',-1,''),(131,'admin',2,'Admin/User/changeStatus?method=resumeUser','启用会员',-1,''),(132,'admin',2,'Admin/User/changeStatus?method=deleteUser','删除会员',-1,''),(133,'admin',2,'Admin/AuthManager/index','权限管理',-1,''),(134,'admin',2,'Admin/AuthManager/changeStatus?method=deleteGroup','删除',-1,''),(135,'admin',2,'Admin/AuthManager/changeStatus?method=forbidGroup','禁用',-1,''),(136,'admin',2,'Admin/AuthManager/changeStatus?method=resumeGroup','恢复',-1,''),(137,'admin',2,'Admin/AuthManager/createGroup','新增',-1,''),(138,'admin',2,'Admin/AuthManager/editGroup','编辑',-1,''),(139,'admin',2,'Admin/AuthManager/writeGroup','保存用户组',-1,''),(140,'admin',2,'Admin/AuthManager/group','授权',-1,''),(141,'admin',2,'Admin/AuthManager/access','访问授权',-1,''),(142,'admin',2,'Admin/AuthManager/user','成员授权',-1,''),(143,'admin',2,'Admin/AuthManager/removeFromGroup','解除授权',-1,''),(144,'admin',2,'Admin/AuthManager/addToGroup','保存成员授权',-1,''),(145,'admin',2,'Admin/AuthManager/category','分类授权',-1,''),(146,'admin',2,'Admin/AuthManager/addToCategory','保存分类授权',-1,''),(147,'admin',2,'Admin/AuthManager/modelauth','模型授权',-1,''),(148,'admin',2,'Admin/AuthManager/addToModel','保存模型授权',-1,''),(149,'admin',2,'Admin/Addons/create','创建',-1,''),(150,'admin',2,'Admin/Addons/checkForm','检测创建',-1,''),(151,'admin',2,'Admin/Addons/preview','预览',-1,''),(152,'admin',2,'Admin/Addons/build','快速生成插件',-1,''),(153,'admin',2,'Admin/Addons/config','设置',-1,''),(154,'admin',2,'Admin/Addons/disable','禁用',-1,''),(155,'admin',2,'Admin/Addons/enable','启用',-1,''),(156,'admin',2,'Admin/Addons/install','安装',-1,''),(157,'admin',2,'Admin/Addons/uninstall','卸载',-1,''),(158,'admin',2,'Admin/Addons/saveconfig','更新配置',-1,''),(159,'admin',2,'Admin/Addons/adminList','插件后台列表',-1,''),(160,'admin',2,'Admin/Addons/execute','URL方式访问插件',-1,''),(161,'admin',2,'Admin/Addons/hooks','钩子管理',-1,''),(162,'admin',2,'Admin/Model/index','模型管理',-1,''),(163,'admin',2,'Admin/model/add','新增',-1,''),(164,'admin',2,'Admin/model/edit','编辑',-1,''),(165,'admin',2,'Admin/model/setStatus','改变状态',-1,''),(166,'admin',2,'Admin/model/update','保存数据',-1,''),(167,'admin',2,'Admin/Attribute/index','属性管理',-1,''),(168,'admin',2,'Admin/Attribute/add','新增',-1,''),(169,'admin',2,'Admin/Attribute/edit','编辑',-1,''),(170,'admin',2,'Admin/Attribute/setStatus','改变状态',-1,''),(171,'admin',2,'Admin/Attribute/update','保存数据',-1,''),(172,'admin',2,'Admin/Config/index','配置管理',-1,''),(173,'admin',2,'Admin/Config/edit','编辑',-1,''),(174,'admin',2,'Admin/Config/del','删除',-1,''),(175,'admin',2,'Admin/Config/add','新增',-1,''),(176,'admin',2,'Admin/Config/save','保存',-1,''),(177,'admin',2,'Admin/Menu/index','菜单管理',-1,''),(178,'admin',2,'Admin/Channel/index','导航管理',-1,''),(179,'admin',2,'Admin/Channel/add','新增',-1,''),(180,'admin',2,'Admin/Channel/edit','编辑',-1,''),(181,'admin',2,'Admin/Channel/del','删除',-1,''),(182,'admin',2,'Admin/Category/index','分类管理',-1,''),(183,'admin',2,'Admin/Category/edit','编辑',-1,''),(184,'admin',2,'Admin/Category/add','新增',-1,''),(185,'admin',2,'Admin/Category/remove','删除',-1,''),(186,'admin',2,'Admin/Category/move','移动',-1,''),(187,'admin',2,'Admin/Category/merge','合并',-1,''),(188,'admin',2,'Admin/Database/index?type=export','备份数据库',-1,''),(189,'admin',2,'Admin/Database/export','备份',-1,''),(190,'admin',2,'Admin/Database/optimize','优化表',-1,''),(191,'admin',2,'Admin/Database/repair','修复表',-1,''),(192,'admin',2,'Admin/Database/index?type=import','还原数据库',-1,''),(193,'admin',2,'Admin/Database/import','恢复',-1,''),(194,'admin',2,'Admin/Database/del','删除',-1,''),(195,'admin',2,'Admin/other','其他',1,''),(196,'admin',2,'Admin/Menu/add','新增',-1,''),(197,'admin',2,'Admin/Menu/edit','编辑',-1,''),(198,'admin',2,'Admin/Think/lists?model=article','应用',-1,''),(199,'admin',2,'Admin/Think/lists?model=download','下载管理',-1,''),(200,'admin',2,'Admin/Think/lists?model=config','应用',-1,''),(201,'admin',2,'Admin/Action/actionlog','行为日志',-1,''),(202,'admin',2,'Admin/User/updatePassword','修改密码',-1,''),(203,'admin',2,'Admin/User/updateNickname','修改昵称',-1,''),(204,'admin',2,'Admin/action/edit','查看行为日志',-1,''),(206,'admin',1,'Admin/think/edit','编辑数据',1,''),(207,'admin',1,'Admin/Menu/import','导入',1,''),(208,'admin',1,'Admin/Model/generate','生成',1,''),(209,'admin',1,'Admin/Addons/addHook','新增钩子',1,''),(210,'admin',1,'Admin/Addons/edithook','编辑钩子',1,''),(211,'admin',1,'Admin/Article/sort','文档排序',1,''),(212,'admin',1,'Admin/Config/sort','排序',1,''),(213,'admin',1,'Admin/Menu/sort','排序',1,''),(214,'admin',1,'Admin/Channel/sort','排序',1,''),(215,'admin',1,'Admin/Category/operate/type/move','移动',1,''),(216,'admin',1,'Admin/Category/operate/type/merge','合并',1,'');

/*Table structure for table `wensy_banner` */

DROP TABLE IF EXISTS `wensy_banner`;

CREATE TABLE `wensy_banner` (
  `id` int(10) unsigned NOT NULL AUTO_INCREMENT COMMENT 'BannerID',
  `title` char(30) NOT NULL COMMENT 'Banner标题',
  `image` char(100) DEFAULT NULL COMMENT 'banner图',
  `url` char(100) NOT NULL COMMENT 'Banner连接',
  `position` char(20) DEFAULT NULL COMMENT 'Banner显示位置',
  `sort` int(10) unsigned NOT NULL DEFAULT '0' COMMENT 'Banner排序',
  `status` tinyint(4) NOT NULL DEFAULT '1' COMMENT '状态',
  `target` tinyint(2) unsigned NOT NULL DEFAULT '0' COMMENT '新窗口打开',
  `update_time` int(10) unsigned NOT NULL DEFAULT '0' COMMENT '更新时间',
  `create_time` int(10) unsigned NOT NULL DEFAULT '0' COMMENT '创建时间',
  PRIMARY KEY (`id`)
) ENGINE=MyISAM AUTO_INCREMENT=4 DEFAULT CHARSET=utf8;

/*Data for the table `wensy_banner` */

/*Table structure for table `wensy_category` */

DROP TABLE IF EXISTS `wensy_category`;

CREATE TABLE `wensy_category` (
  `id` int(10) unsigned NOT NULL AUTO_INCREMENT COMMENT '分类ID',
  `name` varchar(30) NOT NULL COMMENT '标志',
  `title` varchar(50) NOT NULL COMMENT '标题',
  `pid` int(10) unsigned NOT NULL DEFAULT '0' COMMENT '上级分类ID',
  `sort` int(10) unsigned NOT NULL DEFAULT '0' COMMENT '排序（同级有效）',
  `list_row` tinyint(3) unsigned NOT NULL DEFAULT '10' COMMENT '列表每页行数',
  `meta_title` varchar(50) NOT NULL DEFAULT '' COMMENT 'SEO的网页标题',
  `keywords` varchar(255) NOT NULL DEFAULT '' COMMENT '关键字',
  `description` varchar(255) NOT NULL DEFAULT '' COMMENT '描述',
  `template_index` varchar(100) NOT NULL COMMENT '频道页模板',
  `template_lists` varchar(100) NOT NULL COMMENT '列表页模板',
  `template_detail` varchar(100) NOT NULL COMMENT '详情页模板',
  `template_edit` varchar(100) NOT NULL COMMENT '编辑页模板',
  `model` varchar(100) NOT NULL DEFAULT '' COMMENT '关联模型',
  `type` varchar(100) NOT NULL DEFAULT '' COMMENT '允许发布的内容类型',
  `link_id` int(10) unsigned NOT NULL DEFAULT '0' COMMENT '外链',
  `allow_publish` tinyint(3) unsigned NOT NULL DEFAULT '0' COMMENT '是否允许发布内容',
  `display` tinyint(3) unsigned NOT NULL DEFAULT '0' COMMENT '可见性',
  `reply` tinyint(3) unsigned NOT NULL DEFAULT '0' COMMENT '是否允许回复',
  `check` tinyint(3) unsigned NOT NULL DEFAULT '0' COMMENT '发布的文章是否需要审核',
  `reply_model` varchar(100) NOT NULL DEFAULT '',
  `extend` text NOT NULL COMMENT '扩展设置',
  `create_time` int(10) unsigned NOT NULL DEFAULT '0' COMMENT '创建时间',
  `update_time` int(10) unsigned NOT NULL DEFAULT '0' COMMENT '更新时间',
  `status` tinyint(4) NOT NULL DEFAULT '0' COMMENT '数据状态',
  `icon` int(10) unsigned NOT NULL DEFAULT '0' COMMENT '分类图标',
  PRIMARY KEY (`id`),
  UNIQUE KEY `uk_name` (`name`),
  KEY `pid` (`pid`)
) ENGINE=MyISAM AUTO_INCREMENT=39 DEFAULT CHARSET=utf8 COMMENT='分类表';

/*Data for the table `wensy_category` */

insert  into `wensy_category`(`id`,`name`,`title`,`pid`,`sort`,`list_row`,`meta_title`,`keywords`,`description`,`template_index`,`template_lists`,`template_detail`,`template_edit`,`model`,`type`,`link_id`,`allow_publish`,`display`,`reply`,`check`,`reply_model`,`extend`,`create_time`,`update_time`,`status`,`icon`) values (1,'blog','博客',0,0,10,'','','','','','','','2','2,1',0,0,1,0,0,'1','',1379474947,1382701539,1,0),(2,'default_blog','默认分类',1,1,10,'','','','','','','','3','2,1,3',0,1,1,0,1,'1','',1379475028,1437640869,1,31);

/*Table structure for table `wensy_category_pro` */

DROP TABLE IF EXISTS `wensy_category_pro`;

CREATE TABLE `wensy_category_pro` (
  `id` int(10) unsigned NOT NULL AUTO_INCREMENT COMMENT '分类ID',
  `name` varchar(30) NOT NULL COMMENT '标志',
  `title` varchar(50) NOT NULL COMMENT '标题',
  `pid` int(10) unsigned NOT NULL DEFAULT '0' COMMENT '上级分类ID',
  `sort` int(10) unsigned NOT NULL DEFAULT '0' COMMENT '排序（同级有效）',
  `list_row` tinyint(3) unsigned NOT NULL DEFAULT '10' COMMENT '列表每页行数',
  `meta_title` varchar(50) NOT NULL DEFAULT '' COMMENT 'SEO的网页标题',
  `keywords` varchar(255) NOT NULL DEFAULT '' COMMENT '关键字',
  `description` varchar(255) NOT NULL DEFAULT '' COMMENT '描述',
  `template_index` varchar(100) NOT NULL COMMENT '频道页模板',
  `template_lists` varchar(100) NOT NULL COMMENT '列表页模板',
  `template_detail` varchar(100) NOT NULL COMMENT '详情页模板',
  `template_edit` varchar(100) NOT NULL COMMENT '编辑页模板',
  `model` varchar(100) NOT NULL DEFAULT '' COMMENT '关联模型',
  `type` varchar(100) NOT NULL DEFAULT '' COMMENT '允许发布的内容类型',
  `link_id` int(10) unsigned NOT NULL DEFAULT '0' COMMENT '外链',
  `allow_publish` tinyint(3) unsigned NOT NULL DEFAULT '0' COMMENT '是否允许发布内容',
  `display` tinyint(3) unsigned NOT NULL DEFAULT '0' COMMENT '可见性',
  `reply` tinyint(3) unsigned NOT NULL DEFAULT '0' COMMENT '是否允许回复',
  `check` tinyint(3) unsigned NOT NULL DEFAULT '0' COMMENT '发布的文章是否需要审核',
  `reply_model` varchar(100) NOT NULL DEFAULT '',
  `extend` text NOT NULL COMMENT '扩展设置',
  `create_time` int(10) unsigned NOT NULL DEFAULT '0' COMMENT '创建时间',
  `update_time` int(10) unsigned NOT NULL DEFAULT '0' COMMENT '更新时间',
  `status` tinyint(4) NOT NULL DEFAULT '0' COMMENT '数据状态',
  `icon` int(10) unsigned NOT NULL DEFAULT '0' COMMENT '分类图标',
  PRIMARY KEY (`id`),
  UNIQUE KEY `uk_name` (`name`),
  KEY `pid` (`pid`)
) ENGINE=MyISAM AUTO_INCREMENT=3 DEFAULT CHARSET=utf8;

/*Data for the table `wensy_category_pro` */

insert  into `wensy_category_pro`(`id`,`name`,`title`,`pid`,`sort`,`list_row`,`meta_title`,`keywords`,`description`,`template_index`,`template_lists`,`template_detail`,`template_edit`,`model`,`type`,`link_id`,`allow_publish`,`display`,`reply`,`check`,`reply_model`,`extend`,`create_time`,`update_time`,`status`,`icon`) values (1,'blog','博客23',0,0,10,'','','','','','','','2','2,1',0,0,1,0,0,'1','',1379474947,1436588846,1,0),(2,'default_blog','默认分类2',1,1,10,'','','','','','','','4','2',0,1,1,0,0,'1','',1379475028,1436593945,1,31);

/*Table structure for table `wensy_channel` */

DROP TABLE IF EXISTS `wensy_channel`;

CREATE TABLE `wensy_channel` (
  `id` int(10) unsigned NOT NULL AUTO_INCREMENT COMMENT '频道ID',
  `pid` int(10) unsigned NOT NULL DEFAULT '0' COMMENT '上级频道ID',
  `title` char(30) NOT NULL COMMENT '频道标题',
  `alias` char(30) DEFAULT NULL COMMENT '别名',
  `url` char(100) NOT NULL COMMENT '频道连接',
  `sort` int(10) unsigned NOT NULL DEFAULT '0' COMMENT '导航排序',
  `create_time` int(10) unsigned NOT NULL DEFAULT '0' COMMENT '创建时间',
  `update_time` int(10) unsigned NOT NULL DEFAULT '0' COMMENT '更新时间',
  `status` tinyint(4) NOT NULL DEFAULT '0' COMMENT '状态',
  `target` tinyint(2) unsigned NOT NULL DEFAULT '0' COMMENT '新窗口打开',
  PRIMARY KEY (`id`),
  KEY `pid` (`pid`)
) ENGINE=MyISAM AUTO_INCREMENT=2 DEFAULT CHARSET=utf8;

/*Data for the table `wensy_channel` */

insert  into `wensy_channel`(`id`,`pid`,`title`,`alias`,`url`,`sort`,`create_time`,`update_time`,`status`,`target`) values (1,0,'首页',NULL,'Index/index',1,1379475111,1438321707,1,0);

/*Table structure for table `wensy_config` */

DROP TABLE IF EXISTS `wensy_config`;

CREATE TABLE `wensy_config` (
  `id` int(10) unsigned NOT NULL AUTO_INCREMENT COMMENT '配置ID',
  `name` varchar(30) NOT NULL DEFAULT '' COMMENT '配置名称',
  `type` tinyint(3) unsigned NOT NULL DEFAULT '0' COMMENT '配置类型',
  `title` varchar(50) NOT NULL DEFAULT '' COMMENT '配置说明',
  `group` tinyint(3) unsigned NOT NULL DEFAULT '0' COMMENT '配置分组',
  `extra` varchar(255) NOT NULL DEFAULT '' COMMENT '配置值',
  `remark` varchar(100) NOT NULL COMMENT '配置说明',
  `create_time` int(10) unsigned NOT NULL DEFAULT '0' COMMENT '创建时间',
  `update_time` int(10) unsigned NOT NULL DEFAULT '0' COMMENT '更新时间',
  `status` tinyint(4) NOT NULL DEFAULT '0' COMMENT '状态',
  `value` text NOT NULL COMMENT '配置值',
  `sort` smallint(3) unsigned NOT NULL DEFAULT '0' COMMENT '排序',
  PRIMARY KEY (`id`),
  UNIQUE KEY `uk_name` (`name`),
  KEY `type` (`type`),
  KEY `group` (`group`)
) ENGINE=MyISAM AUTO_INCREMENT=48 DEFAULT CHARSET=utf8;

/*Data for the table `wensy_config` */

insert  into `wensy_config`(`id`,`name`,`type`,`title`,`group`,`extra`,`remark`,`create_time`,`update_time`,`status`,`value`,`sort`) values (1,'WEB_SITE_TITLE',1,'网站标题',1,'','网站标题前台显示标题',1378898976,1379235274,1,'ASION',0),(2,'WEB_SITE_DESCRIPTION',2,'网站描述',1,'','网站搜索引擎描述',1378898976,1379235841,1,'ASION',1),(3,'WEB_SITE_KEYWORD',2,'网站关键字',1,'','网站搜索引擎关键字',1378898976,1381390100,1,'ASION',8),(4,'WEB_SITE_CLOSE',4,'关闭站点',1,'0:关闭,1:开启','站点关闭后其他用户不能访问，管理员可以正常访问',1378898976,1379235296,1,'1',1),(9,'CONFIG_TYPE_LIST',3,'配置类型列表',4,'','主要用于数据解析和页面表单的生成',1378898976,1379235348,1,'0:数字\r\n1:字符\r\n2:文本\r\n3:数组\r\n4:枚举',2),(10,'WEB_SITE_ICP',1,'网站备案号',1,'','设置在网站底部显示的备案号，如“沪ICP备12007941号-2',1378900335,1379235859,1,'',9),(11,'DOCUMENT_POSITION',3,'文档推荐位',2,'','文档推荐位，推荐到多个位置KEY值相加即可',1379053380,1379235329,1,'1:列表页推荐\r\n2:频道页推荐\r\n4:网站首页推荐',3),(12,'DOCUMENT_DISPLAY',3,'文档可见性',2,'','文章可见性仅影响前台显示，后台不收影响',1379056370,1379235322,1,'0:所有人可见\r\n1:仅注册会员可见\r\n2:仅管理员可见',4),(13,'COLOR_STYLE',4,'后台色系',1,'default_color:默认\r\nblue_color:紫罗兰','后台颜色风格',1379122533,1379235904,1,'default_color',10),(20,'CONFIG_GROUP_LIST',3,'配置分组',4,'','配置分组',1379228036,1384418383,1,'1:基本\r\n2:内容\r\n3:用户\r\n4:系统\r\n5:邮件',4),(21,'HOOKS_TYPE',3,'钩子的类型',4,'','类型 1-用于扩展显示内容，2-用于扩展业务处理',1379313397,1379313407,1,'1:视图\r\n2:控制器',6),(22,'AUTH_CONFIG',3,'Auth配置',4,'','自定义Auth.class.php类配置',1379409310,1379409564,1,'AUTH_ON:1\r\nAUTH_TYPE:2',8),(23,'OPEN_DRAFTBOX',4,'是否开启草稿功能',2,'0:关闭草稿功能\r\n1:开启草稿功能\r\n','新增文章时的草稿功能配置',1379484332,1379484591,1,'1',1),(24,'DRAFT_AOTOSAVE_INTERVAL',0,'自动保存草稿时间',2,'','自动保存草稿的时间间隔，单位：秒',1379484574,1386143323,1,'60',2),(25,'LIST_ROWS',0,'后台每页记录数',2,'','后台数据每页显示记录数',1379503896,1380427745,1,'10',10),(26,'USER_ALLOW_REGISTER',4,'是否允许用户注册',3,'0:关闭注册\r\n1:允许注册','是否开放用户注册',1379504487,1379504580,1,'1',3),(27,'CODEMIRROR_THEME',4,'预览插件的CodeMirror主题',4,'3024-day:3024 day\r\n3024-night:3024 night\r\nambiance:ambiance\r\nbase16-dark:base16 dark\r\nbase16-light:base16 light\r\nblackboard:blackboard\r\ncobalt:cobalt\r\neclipse:eclipse\r\nelegant:elegant\r\nerlang-dark:erlang-dark\r\nlesser-dark:lesser-dark\r\nmidnight:midnight','详情见CodeMirror官网',1379814385,1384740813,1,'ambiance',3),(28,'DATA_BACKUP_PATH',1,'数据库备份根路径',4,'','路径必须以 / 结尾',1381482411,1381482411,1,'./Data/',5),(29,'DATA_BACKUP_PART_SIZE',0,'数据库备份卷大小',4,'','该值用于限制压缩后的分卷最大长度。单位：B；建议设置20M',1381482488,1381729564,1,'20971520',7),(30,'DATA_BACKUP_COMPRESS',4,'数据库备份文件是否启用压缩',4,'0:不压缩\r\n1:启用压缩','压缩备份文件需要PHP环境支持gzopen,gzwrite函数',1381713345,1381729544,1,'1',9),(31,'DATA_BACKUP_COMPRESS_LEVEL',4,'数据库备份文件压缩级别',4,'1:普通\r\n4:一般\r\n9:最高','数据库备份文件的压缩级别，该配置在开启压缩时生效',1381713408,1381713408,1,'9',10),(32,'DEVELOP_MODE',4,'开启开发者模式',4,'0:关闭\r\n1:开启','是否开启开发者模式',1383105995,1383291877,1,'1',11),(33,'ALLOW_VISIT',3,'不受限控制器方法',0,'','',1386644047,1386644741,1,'0:article/draftbox\r\n1:article/mydocument\r\n2:Category/tree\r\n3:Index/verify\r\n4:file/upload\r\n5:file/download\r\n6:user/updatePassword\r\n7:user/updateNickname\r\n8:user/submitPassword\r\n9:user/submitNickname\r\n10:file/uploadpicture',0),(34,'DENY_VISIT',3,'超管专限控制器方法',0,'','仅超级管理员可访问的控制器方法',1386644141,1386644659,1,'0:Addons/addhook\r\n1:Addons/edithook\r\n2:Addons/delhook\r\n3:Addons/updateHook\r\n4:Admin/getMenus\r\n5:Admin/recordList\r\n6:AuthManager/updateRules\r\n7:AuthManager/tree',0),(35,'REPLY_LIST_ROWS',0,'回复列表每页条数',2,'','',1386645376,1387178083,1,'10',0),(36,'ADMIN_ALLOW_IP',2,'后台允许访问IP',4,'','多个用逗号分隔，如果不配置表示不限制IP访问',1387165454,1387165553,1,'',12),(37,'SHOW_PAGE_TRACE',4,'是否显示页面Trace',4,'0:关闭\r\n1:开启','是否显示页面Trace信息',1387165685,1387165685,1,'0',1),(38,'BANNER_POSITION',3,'轮播显示位置',4,'','轮播显示位置',1434678547,1434678615,1,'0:网站首页',0),(39,'WEB_BAIDUSHARE_CODE',2,'分享代码',4,'','',1434684738,1434684738,1,'<div class=\"bdsharebuttonbox\"><a href=\"#\" class=\"bds_more\" data-cmd=\"more\"></a><a href=\"#\" class=\"bds_qzone\" data-cmd=\"qzone\" title=\"分享到QQ空间\"></a><a href=\"#\" class=\"bds_tsina\" data-cmd=\"tsina\" title=\"分享到新浪微博\"></a><a href=\"#\" class=\"bds_tqq\" data-cmd=\"tqq\" title=\"分享到腾讯微博\"></a><a href=\"#\" class=\"bds_renren\" data-cmd=\"renren\" title=\"分享到人人网\"></a><a href=\"#\" class=\"bds_weixin\" data-cmd=\"weixin\" title=\"分享到微信\"></a></div>\r\n<script>window._bd_share_config={\"common\":{\"bdSnsKey\":{},\"bdText\":\"\",\"bdMini\":\"2\",\"bdPic\":\"\",\"bdStyle\":\"0\",\"bdSize\":\"16\"},\"share\":{}};with(document)0[(getElementsByTagName(\'head\')[0]||body).appendChild(createElement(\'script\')).src=\'http://bdimg.share.baidu.com/static/api/js/share.js?v=89860593.js?cdnversion=\'+~(-new Date()/36e5)];</script>',0),(40,'SMTP_HOST',1,'SMTP服务器',5,'','SMTP服务器',1441849368,1441849368,1,'smtp.qq.com',1),(41,'SMTP_PORT',1,'SMTP服务器端口',5,'','SMTP服务器端口',1441849386,1441849386,1,'465',2),(42,'SMTP_USER',1,'SMTP服务器用户名',5,'','SMTP服务器用户名',1441849414,1441849414,1,'3278332418@qq.com',3),(43,'SMTP_PASS',1,'SMTP服务器密码',5,'','SMTP服务器密码',1441849439,1441849439,1,'dzt111111',4),(44,'FROM_EMAIL',1,'发件人EMAIL',5,'','发件人EMAIL',1441849458,1441849458,1,'3278332418@qq.com',5),(45,'FROM_NAME',1,'发件人名称',5,'','发件人名称',1441849482,1441849482,1,'艺联汇人才库',6),(46,'REPLY_EMAIL',1,'回复EMAIL',5,'','回复EMAIL（留空则为发件人EMAIL）',1441849517,1441849517,1,'3278332418@qq.com',7),(47,'REPLY_NAME',1,'回复名称',5,'','回复名称（留空则为发件人名称）',1441849540,1441849610,1,'3278332418@qq.com',8);

/*Table structure for table `wensy_document` */

DROP TABLE IF EXISTS `wensy_document`;

CREATE TABLE `wensy_document` (
  `id` int(10) unsigned NOT NULL AUTO_INCREMENT COMMENT '文档ID',
  `uid` int(10) unsigned NOT NULL DEFAULT '0' COMMENT '用户ID',
  `name` char(40) NOT NULL DEFAULT '' COMMENT '标识',
  `title` char(80) NOT NULL DEFAULT '' COMMENT '标题',
  `category_id` int(10) unsigned NOT NULL COMMENT '所属分类',
  `description` char(140) NOT NULL DEFAULT '' COMMENT '描述',
  `root` int(10) unsigned NOT NULL DEFAULT '0' COMMENT '根节点',
  `pid` int(10) unsigned NOT NULL DEFAULT '0' COMMENT '所属ID',
  `model_id` tinyint(3) unsigned NOT NULL DEFAULT '0' COMMENT '内容模型ID',
  `type` tinyint(3) unsigned NOT NULL DEFAULT '2' COMMENT '内容类型',
  `position` smallint(5) unsigned NOT NULL DEFAULT '0' COMMENT '推荐位',
  `link_id` int(10) unsigned NOT NULL DEFAULT '0' COMMENT '外链',
  `cover_id` int(10) unsigned NOT NULL DEFAULT '0' COMMENT '封面',
  `display` tinyint(3) unsigned NOT NULL DEFAULT '1' COMMENT '可见性',
  `deadline` int(10) unsigned NOT NULL DEFAULT '0' COMMENT '截至时间',
  `attach` tinyint(3) unsigned NOT NULL DEFAULT '0' COMMENT '附件数量',
  `view` int(10) unsigned NOT NULL DEFAULT '0' COMMENT '浏览量',
  `comment` int(10) unsigned NOT NULL DEFAULT '0' COMMENT '评论数',
  `extend` int(10) unsigned NOT NULL DEFAULT '0' COMMENT '扩展统计字段',
  `level` int(10) NOT NULL DEFAULT '0' COMMENT '优先级',
  `create_time` int(10) unsigned NOT NULL DEFAULT '0' COMMENT '创建时间',
  `update_time` int(10) unsigned NOT NULL DEFAULT '0' COMMENT '更新时间',
  `status` tinyint(4) NOT NULL DEFAULT '0' COMMENT '数据状态',
  PRIMARY KEY (`id`),
  KEY `idx_category_status` (`category_id`,`status`),
  KEY `idx_status_type_pid` (`status`,`uid`,`pid`)
) ENGINE=MyISAM AUTO_INCREMENT=4 DEFAULT CHARSET=utf8 COMMENT='文档模型基础表';

/*Data for the table `wensy_document` */

insert  into `wensy_document`(`id`,`uid`,`name`,`title`,`category_id`,`description`,`root`,`pid`,`model_id`,`type`,`position`,`link_id`,`cover_id`,`display`,`deadline`,`attach`,`view`,`comment`,`extend`,`level`,`create_time`,`update_time`,`status`) values (1,1,'','OneThink1.0正式版发布',2,'大家期待的OneThink正式版发布',0,0,2,2,0,0,0,1,0,0,9,0,0,0,1387260660,1436167979,1),(2,1,'test','test',2,'',0,0,4,2,0,0,0,1,0,0,0,0,0,0,1436594100,1438129885,-1),(3,1,'','test',2,'',0,0,3,2,0,0,0,1,0,0,4,0,0,0,1438128318,1438128318,1);

/*Table structure for table `wensy_document_article` */

DROP TABLE IF EXISTS `wensy_document_article`;

CREATE TABLE `wensy_document_article` (
  `id` int(10) unsigned NOT NULL DEFAULT '0' COMMENT '文档ID',
  `parse` tinyint(3) unsigned NOT NULL DEFAULT '0' COMMENT '内容解析类型',
  `content` text NOT NULL COMMENT '文章内容',
  `template` varchar(100) NOT NULL DEFAULT '' COMMENT '详情页显示模板',
  `bookmark` int(10) unsigned NOT NULL DEFAULT '0' COMMENT '收藏数',
  PRIMARY KEY (`id`)
) ENGINE=MyISAM DEFAULT CHARSET=utf8 COMMENT='文档模型文章表';

/*Data for the table `wensy_document_article` */

insert  into `wensy_document_article`(`id`,`parse`,`content`,`template`,`bookmark`) values (1,0,'<h1>\r\n	OneThink1.0正式版发布&nbsp;\r\n</h1>\r\n<p>\r\n	<br />\r\n</p>\r\n<p>\r\n	<strong>OneThink是一个开源的内容管理框架，基于最新的ThinkPHP3.2版本开发，提供更方便、更安全的WEB应用开发体验，采用了全新的架构设计和命名空间机制，融合了模块化、驱动化和插件化的设计理念于一体，开启了国内WEB应用傻瓜式开发的新潮流。&nbsp;</strong> \r\n</p>\r\n<h2>\r\n	主要特性：\r\n</h2>\r\n<p>\r\n	1. 基于ThinkPHP最新3.2版本。\r\n</p>\r\n<p>\r\n	2. 模块化：全新的架构和模块化的开发机制，便于灵活扩展和二次开发。&nbsp;\r\n</p>\r\n<p>\r\n	3. 文档模型/分类体系：通过和文档模型绑定，以及不同的文档类型，不同分类可以实现差异化的功能，轻松实现诸如资讯、下载、讨论和图片等功能。\r\n</p>\r\n<p>\r\n	4. 开源免费：OneThink遵循Apache2开源协议,免费提供使用。&nbsp;\r\n</p>\r\n<p>\r\n	5. 用户行为：支持自定义用户行为，可以对单个用户或者群体用户的行为进行记录及分享，为您的运营决策提供有效参考数据。\r\n</p>\r\n<p>\r\n	6. 云端部署：通过驱动的方式可以轻松支持平台的部署，让您的网站无缝迁移，内置已经支持SAE和BAE3.0。\r\n</p>\r\n<p>\r\n	7. 云服务支持：即将启动支持云存储、云安全、云过滤和云统计等服务，更多贴心的服务让您的网站更安心。\r\n</p>\r\n<p>\r\n	8. 安全稳健：提供稳健的安全策略，包括备份恢复、容错、防止恶意攻击登录，网页防篡改等多项安全管理功能，保证系统安全，可靠、稳定的运行。&nbsp;\r\n</p>\r\n<p>\r\n	9. 应用仓库：官方应用仓库拥有大量来自第三方插件和应用模块、模板主题，有众多来自开源社区的贡献，让您的网站“One”美无缺。&nbsp;\r\n</p>\r\n<p>\r\n	<br />\r\n</p>\r\n<p>\r\n	<strong>&nbsp;OneThink集成了一个完善的后台管理体系和前台模板标签系统，让你轻松管理数据和进行前台网站的标签式开发。&nbsp;</strong> \r\n</p>\r\n<p>\r\n	<br />\r\n</p>\r\n<h2>\r\n	后台主要功能：\r\n</h2>\r\n<p>\r\n	1. 用户Passport系统\r\n</p>\r\n<p>\r\n	2. 配置管理系统&nbsp;\r\n</p>\r\n<p>\r\n	3. 权限控制系统\r\n</p>\r\n<p>\r\n	4. 后台建模系统&nbsp;\r\n</p>\r\n<p>\r\n	5. 多级分类系统&nbsp;\r\n</p>\r\n<p>\r\n	6. 用户行为系统&nbsp;\r\n</p>\r\n<p>\r\n	7. 钩子和插件系统\r\n</p>\r\n<p>\r\n	8. 系统日志系统&nbsp;\r\n</p>\r\n<p>\r\n	9. 数据备份和还原\r\n</p>\r\n<p>\r\n	<br />\r\n</p>\r\n<p>\r\n	&nbsp;[ 官方下载：&nbsp;<a href=\"http://www.onethink.cn/download.html\" target=\"_blank\">http://www.onethink.cn/download.html</a>&nbsp;&nbsp;开发手册：<a href=\"http://document.onethink.cn/\" target=\"_blank\">http://document.onethink.cn/</a>&nbsp;]&nbsp;\r\n</p>\r\n<p>\r\n	<br />\r\n</p>\r\n<p>\r\n	<strong>OneThink开发团队 2013</strong> \r\n</p>','',0);

/*Table structure for table `wensy_document_download` */

DROP TABLE IF EXISTS `wensy_document_download`;

CREATE TABLE `wensy_document_download` (
  `id` int(10) unsigned NOT NULL DEFAULT '0' COMMENT '文档ID',
  `parse` tinyint(3) unsigned NOT NULL DEFAULT '0' COMMENT '内容解析类型',
  `content` text NOT NULL COMMENT '下载详细描述',
  `template` varchar(100) NOT NULL DEFAULT '' COMMENT '详情页显示模板',
  `file_id` int(10) unsigned NOT NULL DEFAULT '0' COMMENT '文件ID',
  `download` int(10) unsigned NOT NULL DEFAULT '0' COMMENT '下载次数',
  `size` bigint(20) unsigned NOT NULL DEFAULT '0' COMMENT '文件大小',
  PRIMARY KEY (`id`)
) ENGINE=MyISAM DEFAULT CHARSET=utf8 COMMENT='文档模型下载表';

/*Data for the table `wensy_document_download` */

insert  into `wensy_document_download`(`id`,`parse`,`content`,`template`,`file_id`,`download`,`size`) values (3,0,'sssst','',1,0,53558);

/*Table structure for table `wensy_document_product` */

DROP TABLE IF EXISTS `wensy_document_product`;

CREATE TABLE `wensy_document_product` (
  `id` int(10) unsigned NOT NULL AUTO_INCREMENT COMMENT '主键',
  `pictures` text NOT NULL COMMENT '产品图集',
  PRIMARY KEY (`id`)
) ENGINE=MyISAM AUTO_INCREMENT=3 DEFAULT CHARSET=utf8 ROW_FORMAT=DYNAMIC;

/*Data for the table `wensy_document_product` */

insert  into `wensy_document_product`(`id`,`pictures`) values (2,'[{\"path\":\"/Uploads/Picture/2015-07-11/55a0af75e90bd.jpg\",\"id\":\"3\",\"name\":\"13051062283134\"},{\"path\":\"/Uploads/Picture/2015-07-11/55a0af7591e2c.jpg\",\"id\":1,\"name\":\"0050ba6b2e410e25eb8f18\"},{\"path\":\"/Uploads/Picture/2015-07-11/55a0af75e90bd.jpg\",\"id\":\"3\",\"name\":\"13051062283134\"},{\"path\":\"/Uploads/Picture/2015-07-11/55a0d3b384361.jpg\",\"id\":5,\"name\":\"187136490742123810\"},{\"path\":\"/Uploads/Picture/2015-07-11/55a0d3b3a7201.jpg\",\"id\":6,\"name\":\"473870567040157892\"},{\"path\":\"/Uploads/Picture/2015-07-11/55a0d3b3e7180.jpg\",\"id\":7,\"name\":\"604313323334203492\"},{\"path\":\"/Uploads/Picture/2015-07-11/55a0af75c69f1.jpg\",\"id\":2,\"name\":\"0050100340\"},{\"path\":\"/Uploads/Picture/2015-07-11/55a0d3b42f03e.jpg\",\"id\":8,\"name\":\"1284802138401929467\"},{\"path\":\"/Uploads/Picture/2015-07-11/55a0d3b463c0a.jpg\",\"id\":9,\"name\":\"1459308826505635268\"},{\"path\":\"/Uploads/Picture/2015-07-11/55a0d3b4964ae.jpg\",\"id\":10,\"name\":\"1578739292802605812\"},{\"path\":\"/Uploads/Picture/2015-07-11/55a0d3b4be558.jpg\",\"id\":11,\"name\":\"1599780384582419599\"},{\"path\":\"/Uploads/Picture/2015-07-11/55a0d3b512769.jpg\",\"id\":12,\"name\":\"1600724447617822104\"},{\"path\":\"/Uploads/Picture/2015-07-11/55a0d3b645046.jpg\",\"id\":16,\"name\":\"2505693797670498832\"},{\"path\":\"/Uploads/Picture/2015-07-11/55a0d3b561533.jpg\",\"id\":13,\"name\":\"1758814342681571819\"},{\"path\":\"/Uploads/Picture/2015-07-11/55a0d3b689de6.jpg\",\"id\":17,\"name\":\"3338372220884828416\"},{\"path\":\"/Uploads/Picture/2015-07-11/55a0d3b6c9d65.jpg\",\"id\":18,\"name\":\"3352801029262595889\"},{\"path\":\"/Uploads/Picture/2015-07-11/55a0d3b7419ce.jpg\",\"id\":19,\"name\":\"3818219036311252543\"},{\"path\":\"/Uploads/Picture/2015-07-11/55a0d3b7a0584.jpg\",\"id\":20,\"name\":\"4025834402510068354\"},{\"path\":\"/Uploads/Picture/2015-07-11/55a0d3b5ef6c4.jpg\",\"id\":15,\"name\":\"2135601086662952075\"},{\"path\":\"/Uploads/Picture/2015-07-11/55a0d3b807461.jpg\",\"id\":21,\"name\":\"4513575036902886590\"},{\"path\":\"/Uploads/Picture/2015-07-11/55a0d3b8619c7.jpg\",\"id\":22,\"name\":\"5510041386327483663\"},{\"path\":\"/Uploads/Picture/2015-07-11/55a0d3b8cb15f.jpg\",\"id\":23,\"name\":\"5585325264773641443\"},{\"path\":\"/Uploads/Picture/2015-07-11/55a0d3b9771c5.jpg\",\"id\":25,\"name\":\"6234838946784644027\"},{\"path\":\"/Uploads/Picture/2015-07-11/55a0d3b92d604.jpg\",\"id\":24,\"name\":\"6221876828459104616\"},{\"path\":\"/Uploads/Picture/2015-07-11/55a0d3ba212ea.jpg\",\"id\":27,\"name\":\"7538828318249176145\"},{\"path\":\"/Uploads/Picture/2015-07-11/55a0d3bb38e11.jpg\",\"id\":29,\"name\":\"8008880567322499521\"},{\"path\":\"/Uploads/Picture/2015-07-11/55a0d3bb6e1ad.jpg\",\"id\":30,\"name\":\"8113056857156973454\"},{\"path\":\"/Uploads/Picture/2015-07-11/55a0d3bcbd781.jpg\",\"id\":33,\"name\":\"9190495004749721868\"},{\"path\":\"/Uploads/Picture/2015-07-11/55a0d3b59c691.jpg\",\"id\":14,\"name\":\"2065701622788183193\"},{\"path\":\"/Uploads/Picture/2015-07-11/55a0d3bb051e5.jpg\",\"id\":28,\"name\":\"7753864796132400510\"},{\"path\":\"/Uploads/Picture/2015-07-11/55a0d3b9d9044.jpg\",\"id\":26,\"name\":\"6592636861433030005\"},{\"path\":\"/Uploads/Picture/2015-07-11/55a0d3bb9ac90.jpg\",\"id\":31,\"name\":\"8380341191140966805\"},{\"path\":\"/Uploads/Picture/2015-07-11/55a0d3bc6786d.jpg\",\"id\":32,\"name\":\"8669743910310803894\"}]');

/*Table structure for table `wensy_file` */

DROP TABLE IF EXISTS `wensy_file`;

CREATE TABLE `wensy_file` (
  `id` int(10) unsigned NOT NULL AUTO_INCREMENT COMMENT '文件ID',
  `name` char(30) NOT NULL DEFAULT '' COMMENT '原始文件名',
  `savename` char(20) NOT NULL DEFAULT '' COMMENT '保存名称',
  `savepath` char(30) NOT NULL DEFAULT '' COMMENT '文件保存路径',
  `ext` char(5) NOT NULL DEFAULT '' COMMENT '文件后缀',
  `mime` char(40) NOT NULL DEFAULT '' COMMENT '文件mime类型',
  `size` int(10) unsigned NOT NULL DEFAULT '0' COMMENT '文件大小',
  `md5` char(32) NOT NULL DEFAULT '' COMMENT '文件md5',
  `sha1` char(40) NOT NULL DEFAULT '' COMMENT '文件 sha1编码',
  `location` tinyint(3) unsigned NOT NULL DEFAULT '0' COMMENT '文件保存位置',
  `create_time` int(10) unsigned NOT NULL COMMENT '上传时间',
  PRIMARY KEY (`id`),
  UNIQUE KEY `uk_md5` (`md5`)
) ENGINE=MyISAM AUTO_INCREMENT=2 DEFAULT CHARSET=utf8 COMMENT='文件表';

/*Data for the table `wensy_file` */

insert  into `wensy_file`(`id`,`name`,`savename`,`savepath`,`ext`,`mime`,`size`,`md5`,`sha1`,`location`,`create_time`) values (1,'dd.jpg','55b818ba75416.jpg','2015-07-29/','jpg','application/octet-stream',53558,'f203b8a956178e224f30e3ca92830ca9','d2b5edc4d7809666780c083de053c55f0df888ef',0,1438128314);

/*Table structure for table `wensy_hooks` */

DROP TABLE IF EXISTS `wensy_hooks`;

CREATE TABLE `wensy_hooks` (
  `id` int(10) unsigned NOT NULL AUTO_INCREMENT COMMENT '主键',
  `name` varchar(40) NOT NULL DEFAULT '' COMMENT '钩子名称',
  `description` text NOT NULL COMMENT '描述',
  `type` tinyint(1) unsigned NOT NULL DEFAULT '1' COMMENT '类型',
  `update_time` int(10) unsigned NOT NULL DEFAULT '0' COMMENT '更新时间',
  `addons` varchar(255) NOT NULL DEFAULT '' COMMENT '钩子挂载的插件 ''，''分割',
  PRIMARY KEY (`id`),
  UNIQUE KEY `name` (`name`)
) ENGINE=MyISAM AUTO_INCREMENT=19 DEFAULT CHARSET=utf8;

/*Data for the table `wensy_hooks` */

insert  into `wensy_hooks`(`id`,`name`,`description`,`type`,`update_time`,`addons`) values (1,'pageHeader','页面header钩子，一般用于加载插件CSS文件和代码',1,0,''),(2,'pageFooter','页面footer钩子，一般用于加载插件JS文件和JS代码',1,0,'ReturnTop'),(3,'documentEditForm','添加编辑表单的 扩展内容钩子',1,0,'Attachment'),(4,'documentDetailAfter','文档末尾显示',1,0,'Attachment,SocialComment'),(5,'documentDetailBefore','页面内容前显示用钩子',1,0,''),(6,'documentSaveComplete','保存文档数据后的扩展钩子',2,0,'Attachment'),(7,'documentEditFormContent','添加编辑表单的内容显示钩子',1,0,'Editor'),(8,'adminArticleEdit','后台内容编辑页编辑器',1,1378982734,'EditorForAdmin'),(13,'AdminIndex','首页小格子个性化显示',1,1382596073,'SiteStat,SystemInfo,DevTeam'),(14,'topicComment','评论提交方式扩展钩子。',1,1380163518,'Editor'),(16,'app_begin','应用开始',2,1384481614,''),(17,'SyncLogin','第三方账号同步登陆',1,1435658531,'SyncLogin'),(18,'UploadImages','上传多图',1,0,'UploadImages');

/*Table structure for table `wensy_link` */

DROP TABLE IF EXISTS `wensy_link`;

CREATE TABLE `wensy_link` (
  `id` int(10) NOT NULL AUTO_INCREMENT,
  `title` char(40) DEFAULT NULL,
  `img` int(10) DEFAULT NULL,
  `url` varchar(100) DEFAULT NULL,
  `sort` int(10) DEFAULT NULL,
  `status` tinyint(1) DEFAULT NULL,
  `create_time` int(11) DEFAULT NULL,
  `update_time` int(11) DEFAULT NULL,
  PRIMARY KEY (`id`)
) ENGINE=MyISAM AUTO_INCREMENT=2 DEFAULT CHARSET=utf8;

/*Data for the table `wensy_link` */

insert  into `wensy_link`(`id`,`title`,`img`,`url`,`sort`,`status`,`create_time`,`update_time`) values (1,'淘宝',0,'fasdf',0,1,1435742049,1435742049);

/*Table structure for table `wensy_member` */

DROP TABLE IF EXISTS `wensy_member`;

CREATE TABLE `wensy_member` (
  `uid` int(10) unsigned NOT NULL AUTO_INCREMENT COMMENT '用户ID',
  `nickname` char(16) NOT NULL DEFAULT '' COMMENT '昵称',
  `sex` tinyint(3) unsigned NOT NULL DEFAULT '0' COMMENT '性别',
  `birthday` date NOT NULL DEFAULT '0000-00-00' COMMENT '生日',
  `qq` char(10) NOT NULL DEFAULT '' COMMENT 'qq号',
  `score` mediumint(8) NOT NULL DEFAULT '0' COMMENT '用户积分',
  `login` int(10) unsigned NOT NULL DEFAULT '0' COMMENT '登录次数',
  `reg_ip` bigint(20) NOT NULL DEFAULT '0' COMMENT '注册IP',
  `reg_time` int(10) unsigned NOT NULL DEFAULT '0' COMMENT '注册时间',
  `last_login_ip` bigint(20) NOT NULL DEFAULT '0' COMMENT '最后登录IP',
  `last_login_time` int(10) unsigned NOT NULL DEFAULT '0' COMMENT '最后登录时间',
  `status` tinyint(4) NOT NULL DEFAULT '0' COMMENT '会员状态',
  PRIMARY KEY (`uid`),
  KEY `status` (`status`)
) ENGINE=MyISAM AUTO_INCREMENT=2 DEFAULT CHARSET=utf8 COMMENT='会员表';

/*Data for the table `wensy_member` */

insert  into `wensy_member`(`uid`,`nickname`,`sex`,`birthday`,`qq`,`score`,`login`,`reg_ip`,`reg_time`,`last_login_ip`,`last_login_time`,`status`) values (1,'admin',0,'0000-00-00','',140,24,0,1434421694,2130706433,1441874350,1);

/*Table structure for table `wensy_menu` */

DROP TABLE IF EXISTS `wensy_menu`;

CREATE TABLE `wensy_menu` (
  `id` int(10) unsigned NOT NULL AUTO_INCREMENT COMMENT '文档ID',
  `title` varchar(50) NOT NULL DEFAULT '' COMMENT '标题',
  `pid` int(10) unsigned NOT NULL DEFAULT '0' COMMENT '上级分类ID',
  `sort` int(10) unsigned NOT NULL DEFAULT '0' COMMENT '排序（同级有效）',
  `url` char(255) NOT NULL DEFAULT '' COMMENT '链接地址',
  `hide` tinyint(1) unsigned NOT NULL DEFAULT '0' COMMENT '是否隐藏',
  `tip` varchar(255) NOT NULL DEFAULT '' COMMENT '提示',
  `group` varchar(50) DEFAULT '' COMMENT '分组',
  `is_dev` tinyint(1) unsigned NOT NULL DEFAULT '0' COMMENT '是否仅开发者模式可见',
  PRIMARY KEY (`id`),
  KEY `pid` (`pid`)
) ENGINE=MyISAM AUTO_INCREMENT=139 DEFAULT CHARSET=utf8;

/*Data for the table `wensy_menu` */

insert  into `wensy_menu`(`id`,`title`,`pid`,`sort`,`url`,`hide`,`tip`,`group`,`is_dev`) values (1,'首页',0,1,'Index/index',0,'','',0),(2,'内容',0,2,'Article/mydocument',0,'','',0),(3,'文档列表',2,0,'article/index',1,'','内容',0),(4,'新增',3,0,'article/add',0,'','',0),(5,'编辑',3,0,'article/edit',0,'','',0),(6,'改变状态',3,0,'article/setStatus',0,'','',0),(7,'保存',3,0,'article/update',0,'','',0),(8,'保存草稿',3,0,'article/autoSave',0,'','',0),(9,'移动',3,0,'article/move',0,'','',0),(10,'复制',3,0,'article/copy',0,'','',0),(11,'粘贴',3,0,'article/paste',0,'','',0),(12,'导入',3,0,'article/batchOperate',0,'','',0),(13,'回收站',2,0,'article/recycle',1,'','内容',0),(14,'还原',13,0,'article/permit',0,'','',0),(15,'清空',13,0,'article/clear',0,'','',0),(16,'用户',0,4,'User/index',0,'','',0),(17,'用户信息',16,0,'User/index',0,'','用户管理',0),(18,'新增用户',17,0,'User/add',0,'添加新用户','',0),(19,'用户行为',16,0,'User/action',0,'','行为管理',0),(20,'新增用户行为',19,0,'User/addaction',0,'','',0),(21,'编辑用户行为',19,0,'User/editaction',0,'','',0),(22,'保存用户行为',19,0,'User/saveAction',0,'\"用户->用户行为\"保存编辑和新增的用户行为','',0),(23,'变更行为状态',19,0,'User/setStatus',0,'\"用户->用户行为\"中的启用,禁用和删除权限','',0),(24,'禁用会员',19,0,'User/changeStatus?method=forbidUser',0,'\"用户->用户信息\"中的禁用','',0),(25,'启用会员',19,0,'User/changeStatus?method=resumeUser',0,'\"用户->用户信息\"中的启用','',0),(26,'删除会员',19,0,'User/changeStatus?method=deleteUser',0,'\"用户->用户信息\"中的删除','',0),(27,'权限管理',16,0,'AuthManager/index',0,'','用户管理',0),(28,'删除',27,0,'AuthManager/changeStatus?method=deleteGroup',0,'删除用户组','',0),(29,'禁用',27,0,'AuthManager/changeStatus?method=forbidGroup',0,'禁用用户组','',0),(30,'恢复',27,0,'AuthManager/changeStatus?method=resumeGroup',0,'恢复已禁用的用户组','',0),(31,'新增',27,0,'AuthManager/createGroup',0,'创建新的用户组','',0),(32,'编辑',27,0,'AuthManager/editGroup',0,'编辑用户组名称和描述','',0),(33,'保存用户组',27,0,'AuthManager/writeGroup',0,'新增和编辑用户组的\"保存\"按钮','',0),(34,'授权',27,0,'AuthManager/group',0,'\"后台 \\ 用户 \\ 用户信息\"列表页的\"授权\"操作按钮,用于设置用户所属用户组','',0),(35,'访问授权',27,0,'AuthManager/access',0,'\"后台 \\ 用户 \\ 权限管理\"列表页的\"访问授权\"操作按钮','',0),(36,'成员授权',27,0,'AuthManager/user',0,'\"后台 \\ 用户 \\ 权限管理\"列表页的\"成员授权\"操作按钮','',0),(37,'解除授权',27,0,'AuthManager/removeFromGroup',0,'\"成员授权\"列表页内的解除授权操作按钮','',0),(38,'保存成员授权',27,0,'AuthManager/addToGroup',0,'\"用户信息\"列表页\"授权\"时的\"保存\"按钮和\"成员授权\"里右上角的\"添加\"按钮)','',0),(39,'分类授权',27,0,'AuthManager/category',0,'\"后台 \\ 用户 \\ 权限管理\"列表页的\"分类授权\"操作按钮','',0),(40,'保存分类授权',27,0,'AuthManager/addToCategory',0,'\"分类授权\"页面的\"保存\"按钮','',0),(41,'模型授权',27,0,'AuthManager/modelauth',0,'\"后台 \\ 用户 \\ 权限管理\"列表页的\"模型授权\"操作按钮','',0),(42,'保存模型授权',27,0,'AuthManager/addToModel',0,'\"分类授权\"页面的\"保存\"按钮','',0),(43,'扩展',0,7,'Addons/index',0,'','',0),(44,'插件管理',43,1,'Addons/index',0,'','扩展',0),(45,'创建',44,0,'Addons/create',0,'服务器上创建插件结构向导','',0),(46,'检测创建',44,0,'Addons/checkForm',0,'检测插件是否可以创建','',0),(47,'预览',44,0,'Addons/preview',0,'预览插件定义类文件','',0),(48,'快速生成插件',44,0,'Addons/build',0,'开始生成插件结构','',0),(49,'设置',44,0,'Addons/config',0,'设置插件配置','',0),(50,'禁用',44,0,'Addons/disable',0,'禁用插件','',0),(51,'启用',44,0,'Addons/enable',0,'启用插件','',0),(52,'安装',44,0,'Addons/install',0,'安装插件','',0),(53,'卸载',44,0,'Addons/uninstall',0,'卸载插件','',0),(54,'更新配置',44,0,'Addons/saveconfig',0,'更新插件配置处理','',0),(55,'插件后台列表',44,0,'Addons/adminList',0,'','',0),(56,'URL方式访问插件',44,0,'Addons/execute',0,'控制是否有权限通过url访问插件控制器方法','',0),(57,'钩子管理',43,2,'Addons/hooks',0,'','扩展',0),(58,'模型管理',68,3,'Model/index',0,'','系统设置',0),(59,'新增',58,0,'model/add',0,'','',0),(60,'编辑',58,0,'model/edit',0,'','',0),(61,'改变状态',58,0,'model/setStatus',0,'','',0),(62,'保存数据',58,0,'model/update',0,'','',0),(63,'属性管理',68,0,'Attribute/index',1,'网站属性配置。','',0),(64,'新增',63,0,'Attribute/add',0,'','',0),(65,'编辑',63,0,'Attribute/edit',0,'','',0),(66,'改变状态',63,0,'Attribute/setStatus',0,'','',0),(67,'保存数据',63,0,'Attribute/update',0,'','',0),(68,'系统',0,5,'Config/group',0,'','',0),(69,'网站设置',68,1,'Config/group',0,'','系统设置',0),(70,'配置管理',68,4,'Config/index',0,'','系统设置',0),(71,'编辑',70,0,'Config/edit',0,'新增编辑和保存配置','',0),(72,'删除',70,0,'Config/del',0,'删除配置','',0),(73,'新增',70,0,'Config/add',0,'新增配置','',0),(74,'保存',70,0,'Config/save',0,'保存配置','',0),(75,'菜单管理',68,5,'Menu/index',0,'','系统设置',0),(76,'导航管理',68,6,'Channel/index',0,'','系统设置',0),(77,'新增',76,0,'Channel/add',0,'','',0),(78,'编辑',76,0,'Channel/edit',0,'','',0),(79,'删除',76,0,'Channel/del',0,'','',0),(80,'分类管理',68,2,'Category/index',0,'','系统设置',0),(81,'编辑',80,0,'Category/edit',0,'编辑和保存栏目分类','',0),(82,'新增',80,0,'Category/add',0,'新增栏目分类','',0),(83,'删除',80,0,'Category/remove',0,'删除栏目分类','',0),(84,'移动',80,0,'Category/operate/type/move',0,'移动栏目分类','',0),(85,'合并',80,0,'Category/operate/type/merge',0,'合并栏目分类','',0),(86,'备份数据库',68,0,'Database/index?type=export',0,'','数据备份',0),(87,'备份',86,0,'Database/export',0,'备份数据库','',0),(88,'优化表',86,0,'Database/optimize',0,'优化数据表','',0),(89,'修复表',86,0,'Database/repair',0,'修复数据表','',0),(90,'还原数据库',68,0,'Database/index?type=import',0,'','数据备份',0),(91,'恢复',90,0,'Database/import',0,'数据库恢复','',0),(92,'删除',90,0,'Database/del',0,'删除备份文件','',0),(93,'其他',0,6,'other',1,'','',0),(96,'新增',75,0,'Menu/add',0,'','系统设置',0),(98,'编辑',75,0,'Menu/edit',0,'','',0),(104,'下载管理',102,0,'Think/lists?model=download',0,'','',0),(105,'配置管理',102,0,'Think/lists?model=config',0,'','',0),(106,'行为日志',16,0,'Action/actionlog',0,'','行为管理',0),(108,'修改密码',16,0,'User/updatePassword',1,'','',0),(109,'修改昵称',16,0,'User/updateNickname',1,'','',0),(110,'查看行为日志',106,0,'action/edit',1,'','',0),(112,'新增数据',58,0,'think/add',1,'','',0),(113,'编辑数据',58,0,'think/edit',1,'','',0),(114,'导入',75,0,'Menu/import',0,'','',0),(115,'生成',58,0,'Model/generate',0,'','',0),(116,'新增钩子',57,0,'Addons/addHook',0,'','',0),(117,'编辑钩子',57,0,'Addons/edithook',0,'','',0),(118,'文档排序',3,0,'Article/sort',1,'','',0),(119,'排序',70,0,'Config/sort',1,'','',0),(120,'排序',75,0,'Menu/sort',1,'','',0),(121,'排序',76,0,'Channel/sort',1,'','',0),(122,'轮播管理',68,8,'Banner/index',0,'','系统设置',0),(123,'新增',122,0,'Banner/add',1,'','',0),(124,'编辑',122,0,'Banner/edit',1,'','',0),(125,'删除',122,0,'Banner/del',1,'','',0),(126,'排序',122,0,'Banner/sort',1,'','',0),(127,'友情链接',68,9,'Link/index',0,'','系统设置',0),(128,'新增',127,0,'link/add',1,'','',0),(129,'编辑',127,0,'link/edit',1,'','',0),(130,'删除',127,0,'link/del',1,'','',0),(131,'排序',127,0,'link/sort',1,'','',0),(132,'产品',0,3,'Product/mydocument',0,'','',0),(133,'产品分类',68,0,'CategoryPro/index',0,'','系统设置',0),(134,'新增',133,0,'CategoryPro/add',0,'','',0),(135,'编辑',133,0,'CategoryPro/edit',0,'','',0),(136,'删除',133,0,'CategoryPro/remove',0,'','',0),(137,'移动',133,0,'CategoryPro/operate/type/move',0,'','',0),(138,'合并',133,0,'CategoryPro/operate/type/merge',0,'','',0);

/*Table structure for table `wensy_model` */

DROP TABLE IF EXISTS `wensy_model`;

CREATE TABLE `wensy_model` (
  `id` int(10) unsigned NOT NULL AUTO_INCREMENT COMMENT '模型ID',
  `name` char(30) NOT NULL DEFAULT '' COMMENT '模型标识',
  `title` char(30) NOT NULL DEFAULT '' COMMENT '模型名称',
  `extend` int(10) unsigned NOT NULL DEFAULT '0' COMMENT '继承的模型',
  `relation` varchar(30) NOT NULL DEFAULT '' COMMENT '继承与被继承模型的关联字段',
  `need_pk` tinyint(1) unsigned NOT NULL DEFAULT '1' COMMENT '新建表时是否需要主键字段',
  `field_sort` text NOT NULL COMMENT '表单字段排序',
  `field_group` varchar(255) NOT NULL DEFAULT '1:基础' COMMENT '字段分组',
  `attribute_list` text NOT NULL COMMENT '属性列表（表的字段）',
  `template_list` varchar(100) NOT NULL DEFAULT '' COMMENT '列表模板',
  `template_add` varchar(100) NOT NULL DEFAULT '' COMMENT '新增模板',
  `template_edit` varchar(100) NOT NULL DEFAULT '' COMMENT '编辑模板',
  `list_grid` text NOT NULL COMMENT '列表定义',
  `list_row` smallint(2) unsigned NOT NULL DEFAULT '10' COMMENT '列表数据长度',
  `search_key` varchar(50) NOT NULL DEFAULT '' COMMENT '默认搜索字段',
  `search_list` varchar(255) NOT NULL DEFAULT '' COMMENT '高级搜索的字段',
  `create_time` int(10) unsigned NOT NULL DEFAULT '0' COMMENT '创建时间',
  `update_time` int(10) unsigned NOT NULL DEFAULT '0' COMMENT '更新时间',
  `status` tinyint(3) unsigned NOT NULL DEFAULT '0' COMMENT '状态',
  `engine_type` varchar(25) NOT NULL DEFAULT 'MyISAM' COMMENT '数据库引擎',
  PRIMARY KEY (`id`)
) ENGINE=MyISAM AUTO_INCREMENT=5 DEFAULT CHARSET=utf8 COMMENT='文档模型表';

/*Data for the table `wensy_model` */

insert  into `wensy_model`(`id`,`name`,`title`,`extend`,`relation`,`need_pk`,`field_sort`,`field_group`,`attribute_list`,`template_list`,`template_add`,`template_edit`,`list_grid`,`list_row`,`search_key`,`search_list`,`create_time`,`update_time`,`status`,`engine_type`) values (1,'document','基础文档',0,'',1,'{\"1\":[\"1\",\"2\",\"3\",\"4\",\"5\",\"6\",\"7\",\"8\",\"9\",\"10\",\"11\",\"12\",\"13\",\"14\",\"15\",\"16\",\"17\",\"18\",\"19\",\"20\",\"21\",\"22\"]}','1:基础','','','','','id:编号\r\ntitle:标题:article/index?cate_id=[category_id]&pid=[id]\r\ntype|get_document_type:类型\r\nlevel:优先级\r\nupdate_time|time_format:最后更新\r\nstatus_text:状态\r\nview:浏览\r\nid:操作:[EDIT]&cate_id=[category_id]|编辑,article/setstatus?status=-1&ids=[id]|删除',0,'','',1383891233,1384507827,1,'MyISAM'),(2,'article','文章',1,'',1,'{\"1\":[\"3\",\"24\",\"2\",\"5\"],\"2\":[\"9\",\"13\",\"19\",\"10\",\"12\",\"16\",\"17\",\"26\",\"20\",\"14\",\"11\",\"25\"]}','1:基础,2:扩展','','','','','id:编号\r\ntitle:标题:article/edit?cate_id=[category_id]&id=[id]\r\ncontent:内容',0,'','',1383891243,1387260622,1,'MyISAM'),(3,'download','下载',1,'',1,'{\"1\":[\"3\",\"28\",\"30\",\"32\",\"2\",\"5\",\"31\"],\"2\":[\"13\",\"10\",\"27\",\"9\",\"12\",\"16\",\"17\",\"19\",\"11\",\"20\",\"14\",\"29\"]}','1:基础,2:扩展','','','','','id:编号\r\ntitle:标题',0,'','',1383891252,1387260449,1,'MyISAM'),(4,'product','产品',1,'',1,'{\"1\":[\"33\",\"34\",\"36\",\"37\",\"39\",\"40\",\"43\",\"45\",\"46\",\"47\"]}','1:基础','','','','','id:编号\r\ntitle:标题:article/edit?cate_id=[category_id]&id=[id]\r\ncontent:内容',0,'','',1436589301,1436593699,1,'MyISAM');

/*Table structure for table `wensy_picture` */

DROP TABLE IF EXISTS `wensy_picture`;

CREATE TABLE `wensy_picture` (
  `id` int(10) unsigned NOT NULL AUTO_INCREMENT COMMENT '主键id自增',
  `path` varchar(255) NOT NULL DEFAULT '' COMMENT '路径',
  `url` varchar(255) NOT NULL DEFAULT '' COMMENT '图片链接',
  `md5` char(32) NOT NULL DEFAULT '' COMMENT '文件md5',
  `sha1` char(40) NOT NULL DEFAULT '' COMMENT '文件 sha1编码',
  `status` tinyint(2) NOT NULL DEFAULT '0' COMMENT '状态',
  `create_time` int(10) unsigned NOT NULL DEFAULT '0' COMMENT '创建时间',
  PRIMARY KEY (`id`)
) ENGINE=MyISAM AUTO_INCREMENT=34 DEFAULT CHARSET=utf8;

/*Data for the table `wensy_picture` */

insert  into `wensy_picture`(`id`,`path`,`url`,`md5`,`sha1`,`status`,`create_time`) values (1,'/Uploads/Picture/2015-07-11/55a0af7591e2c.jpg','','8e9b441370f065e59924283be9282ea9','5364953e3de25f7d539da76188b29b5d37dbcabd',1,1436594037),(2,'/Uploads/Picture/2015-07-11/55a0af75c69f1.jpg','','1ac93c9c0b5d5d9e5601fad28e630de9','9fead9b5eae1ceb7f93b97f20f0746d5c5eb6d1e',1,1436594037),(3,'/Uploads/Picture/2015-07-11/55a0af75e90bd.jpg','','213ae7e0557ab8ac31faad28dab56711','9ea95a4f012ca80fdaea70b823e7889204da450b',1,1436594037),(4,'/Uploads/Picture/2015-07-11/55a0d1a03fc1d.jpg','','5cc4a525cce641e7017724ac1d296206','bdc0dc8bfe3180765f58240fd62af8f9d5fbc7b7',1,1436602783),(5,'/Uploads/Picture/2015-07-11/55a0d3b384361.jpg','','2c36f0b4c67523de8850982fa69ac145','745b163fab33999c1f2fc950987d0e68203abdcc',1,1436603315),(6,'/Uploads/Picture/2015-07-11/55a0d3b3a7201.jpg','','88bc1b185477e1bb324e08e124418534','bd2fc91e525eb2a74f29c9bb50a5b4dba91964c2',1,1436603315),(7,'/Uploads/Picture/2015-07-11/55a0d3b3e7180.jpg','','2f990735cae0794adb2541abe46d93bd','f8da6eef3357d633a2d66283dbfb56f30d5699c0',1,1436603315),(8,'/Uploads/Picture/2015-07-11/55a0d3b42f03e.jpg','','a1c35298389a166736607f25c0232061','4ef78a2e6dcaa53515629f70b249ff128eb0ece9',1,1436603316),(9,'/Uploads/Picture/2015-07-11/55a0d3b463c0a.jpg','','474c0de9a495308e937ec1407958a058','7320acb69c7f143b50deed8a678c97f050c746d5',1,1436603316),(10,'/Uploads/Picture/2015-07-11/55a0d3b4964ae.jpg','','69956153979c5b04d4c236edcdae95c4','5c75790e46eb7c37d5de4127e3f52c056ef4ab42',1,1436603316),(11,'/Uploads/Picture/2015-07-11/55a0d3b4be558.jpg','','06720b09636657835e183d10db60e9fe','cccd55ad2ff1d67a753a96a935da30d5986e0834',1,1436603316),(12,'/Uploads/Picture/2015-07-11/55a0d3b512769.jpg','','b4aafe191402338600c2ca05461ea54b','4f177bf73dc6f08aae558f7beeda3c65c3b76e4f',1,1436603317),(13,'/Uploads/Picture/2015-07-11/55a0d3b561533.jpg','','1fc065c17d2b04c3c7338554790f5a32','2ff584e66ece0f2ba2359cc28aebae5a367af0ee',1,1436603317),(14,'/Uploads/Picture/2015-07-11/55a0d3b59c691.jpg','','604956200d4acbbae1d06d56396096f0','99ce547cdce3a7a9e0a4ad31fe96db3cf2a41e11',1,1436603317),(15,'/Uploads/Picture/2015-07-11/55a0d3b5ef6c4.jpg','','e7739a222407cfc82977f7aa4f2040fd','6d77dae3cfac170be27ed01875c5d29ab41ef85c',1,1436603317),(16,'/Uploads/Picture/2015-07-11/55a0d3b645046.jpg','','d516375f035c421234359a543f73e174','9e5b3f3f4793d1a8c74a4a3f7e266d0413d76fc0',1,1436603318),(17,'/Uploads/Picture/2015-07-11/55a0d3b689de6.jpg','','97d802f6858928895cb814cc458abeb9','7acabd98e80ae8914a909fee0815fd00d109bebb',1,1436603318),(18,'/Uploads/Picture/2015-07-11/55a0d3b6c9d65.jpg','','fbca4f6ec49040bd5c0f21596473fba8','b60a2dc77af5796f68a9fdb9a2ea02c969bb79b7',1,1436603318),(19,'/Uploads/Picture/2015-07-11/55a0d3b7419ce.jpg','','6bb6b8bf382eb87f76db5658e27f07c8','83d995900ef3a09674ef7b690e8b5ffe9f8b4200',1,1436603319),(20,'/Uploads/Picture/2015-07-11/55a0d3b7a0584.jpg','','4824d72420742924be09e051cc0c3759','b997324d65150e6942030b0263f7c4575184e85c',1,1436603319),(21,'/Uploads/Picture/2015-07-11/55a0d3b807461.jpg','','ce32b9d42a32f3ccb0f849d0378bbc0a','5312c5c96021765f1a6ab683a0f063ced87adaeb',1,1436603319),(22,'/Uploads/Picture/2015-07-11/55a0d3b8619c7.jpg','','cfaa76f51158137ca453b3556e495f61','e7fb2feb0774b1e7e828c70297b75af34f70d337',1,1436603320),(23,'/Uploads/Picture/2015-07-11/55a0d3b8cb15f.jpg','','e1bd1e0131c258d0d49148bb30a8ce57','d59b6533ef84a7c1542901406a75ea855158d2ae',1,1436603320),(24,'/Uploads/Picture/2015-07-11/55a0d3b92d604.jpg','','475457f6f1f1fd05ad486acab1f9a6f3','86ff215ccc487414de436ea660cf83a76dcdc711',1,1436603321),(25,'/Uploads/Picture/2015-07-11/55a0d3b9771c5.jpg','','dcea6beae94aad380fccac3fc667ec88','aa123f59c4962e5c9192600c35b60e06863b9036',1,1436603321),(26,'/Uploads/Picture/2015-07-11/55a0d3b9d9044.jpg','','621f2fe5b4d4dd2e92a1f308df83f463','776bc437000333dcaaf35701f737f5d4fab776da',1,1436603321),(27,'/Uploads/Picture/2015-07-11/55a0d3ba212ea.jpg','','49e0c0a62ce5c26a3077332d8b29af95','1454169db5779be6e4b751321dfc0bc77ffaad20',1,1436603322),(28,'/Uploads/Picture/2015-07-11/55a0d3bb051e5.jpg','','5822498380e5f9678aca5d06a9f2ddb3','1fd796426a8d796f72f367275cac509a4760c4f6',1,1436603322),(29,'/Uploads/Picture/2015-07-11/55a0d3bb38e11.jpg','','fa945d4d82a19ae9df615df04ebcfb01','c7e0855a8626329c87efa4d67a71faf9d7c13087',1,1436603323),(30,'/Uploads/Picture/2015-07-11/55a0d3bb6e1ad.jpg','','b020157fb9cd559edad1996bf3f88209','5353bce85f45baad2d4cbc8463739f48f0bee603',1,1436603323),(31,'/Uploads/Picture/2015-07-11/55a0d3bb9ac90.jpg','','068c0d80c2fdd4f2a8749d7e3d71ddd7','71740bbbd723d0e29c97b5f03d5a44983cf423da',1,1436603323),(32,'/Uploads/Picture/2015-07-11/55a0d3bc6786d.jpg','','4aaeae288085e9993ba10b4a6219ce8a','b8def76bac6859cbc160271db9e5cc9ac91382cc',1,1436603323),(33,'/Uploads/Picture/2015-07-11/55a0d3bcbd781.jpg','','403bfc9ab2d1a96d54a268b962f9f04c','4ce1778fc710c4f48e85bcac34a50af4c4bbcf58',1,1436603324);

/*Table structure for table `wensy_product` */

DROP TABLE IF EXISTS `wensy_product`;

CREATE TABLE `wensy_product` (
  `id` int(10) unsigned NOT NULL AUTO_INCREMENT COMMENT '主键',
  `create_time` int(10) NOT NULL DEFAULT '0' COMMENT '创建时间',
  `update_time` int(10) NOT NULL DEFAULT '0' COMMENT '更新时间',
  `status` char(10) NOT NULL DEFAULT '0' COMMENT '数据状态',
  `cover_id` int(10) unsigned NOT NULL DEFAULT '0' COMMENT '封面',
  `position` smallint(5) unsigned NOT NULL DEFAULT '0' COMMENT '推荐位',
  `category_id` int(10) unsigned NOT NULL COMMENT '所属分类',
  `title` char(80) NOT NULL COMMENT '产品名称',
  `description` char(140) NOT NULL COMMENT '描述',
  `uid` int(10) unsigned NOT NULL DEFAULT '0' COMMENT '用户ID',
  `model_id` tinyint(3) unsigned NOT NULL DEFAULT '0' COMMENT '内容模型ID',
  `level` int(10) unsigned NOT NULL DEFAULT '0' COMMENT '优先级',
  `attach` int(10) unsigned NOT NULL DEFAULT '0' COMMENT '附件数量',
  `display` tinyint(3) unsigned NOT NULL DEFAULT '1' COMMENT '可见性',
  `view` int(10) unsigned NOT NULL DEFAULT '0' COMMENT '浏览量',
  `deadline` int(10) NOT NULL DEFAULT '0' COMMENT '截至时间',
  `pid` int(10) unsigned NOT NULL DEFAULT '0' COMMENT '所属ID',
  `root` int(10) unsigned NOT NULL DEFAULT '0' COMMENT '根节点',
  PRIMARY KEY (`id`)
) ENGINE=MyISAM DEFAULT CHARSET=utf8 ROW_FORMAT=DYNAMIC;

/*Data for the table `wensy_product` */

/*Table structure for table `wensy_region` */

DROP TABLE IF EXISTS `wensy_region`;

CREATE TABLE `wensy_region` (
  `region_id` smallint(5) unsigned NOT NULL AUTO_INCREMENT,
  `parent_id` smallint(5) unsigned NOT NULL DEFAULT '0',
  `region_name` varchar(120) NOT NULL DEFAULT '',
  `region_type` tinyint(1) NOT NULL DEFAULT '2',
  `agency_id` smallint(5) unsigned NOT NULL DEFAULT '0',
  PRIMARY KEY (`region_id`),
  KEY `parent_id` (`parent_id`),
  KEY `region_type` (`region_type`),
  KEY `agency_id` (`agency_id`)
) ENGINE=MyISAM AUTO_INCREMENT=3409 DEFAULT CHARSET=utf8;

/*Data for the table `wensy_region` */

insert  into `wensy_region`(`region_id`,`parent_id`,`region_name`,`region_type`,`agency_id`) values (1,0,'中国',0,0),(2,1,'北京',1,0),(3,1,'安徽',1,0),(4,1,'福建',1,0),(5,1,'甘肃',1,0),(6,1,'广东',1,0),(7,1,'广西',1,0),(8,1,'贵州',1,0),(9,1,'海南',1,0),(10,1,'河北',1,0),(11,1,'河南',1,0),(12,1,'黑龙江',1,0),(13,1,'湖北',1,0),(14,1,'湖南',1,0),(15,1,'吉林',1,0),(16,1,'江苏',1,0),(17,1,'江西',1,0),(18,1,'辽宁',1,0),(19,1,'内蒙古',1,0),(20,1,'宁夏',1,0),(21,1,'青海',1,0),(22,1,'山东',1,0),(23,1,'山西',1,0),(24,1,'陕西',1,0),(25,1,'上海',1,0),(26,1,'四川',1,0),(27,1,'天津',1,0),(28,1,'西藏',1,0),(29,1,'新疆',1,0),(30,1,'云南',1,0),(31,1,'浙江',1,0),(32,1,'重庆',1,0),(33,1,'香港',1,0),(34,1,'澳门',1,0),(35,1,'台湾',1,0),(36,3,'安庆',2,0),(37,3,'蚌埠',2,0),(38,3,'巢湖',2,0),(39,3,'池州',2,0),(40,3,'滁州',2,0),(41,3,'阜阳',2,0),(42,3,'淮北',2,0),(43,3,'淮南',2,0),(44,3,'黄山',2,0),(45,3,'六安',2,0),(46,3,'马鞍山',2,0),(47,3,'宿州',2,0),(48,3,'铜陵',2,0),(49,3,'芜湖',2,0),(50,3,'宣城',2,0),(51,3,'亳州',2,0),(52,2,'北京',2,0),(53,4,'福州',2,0),(54,4,'龙岩',2,0),(55,4,'南平',2,0),(56,4,'宁德',2,0),(57,4,'莆田',2,0),(58,4,'泉州',2,0),(59,4,'三明',2,0),(60,4,'厦门',2,0),(61,4,'漳州',2,0),(62,5,'兰州',2,0),(63,5,'白银',2,0),(64,5,'定西',2,0),(65,5,'甘南',2,0),(66,5,'嘉峪关',2,0),(67,5,'金昌',2,0),(68,5,'酒泉',2,0),(69,5,'临夏',2,0),(70,5,'陇南',2,0),(71,5,'平凉',2,0),(72,5,'庆阳',2,0),(73,5,'天水',2,0),(74,5,'武威',2,0),(75,5,'张掖',2,0),(76,6,'广州',2,0),(77,6,'深圳',2,0),(78,6,'潮州',2,0),(79,6,'东莞',2,0),(80,6,'佛山',2,0),(81,6,'河源',2,0),(82,6,'惠州',2,0),(83,6,'江门',2,0),(84,6,'揭阳',2,0),(85,6,'茂名',2,0),(86,6,'梅州',2,0),(87,6,'清远',2,0),(88,6,'汕头',2,0),(89,6,'汕尾',2,0),(90,6,'韶关',2,0),(91,6,'阳江',2,0),(92,6,'云浮',2,0),(93,6,'湛江',2,0),(94,6,'肇庆',2,0),(95,6,'中山',2,0),(96,6,'珠海',2,0),(97,7,'南宁',2,0),(98,7,'桂林',2,0),(99,7,'百色',2,0),(100,7,'北海',2,0),(101,7,'崇左',2,0),(102,7,'防城港',2,0),(103,7,'贵港',2,0),(104,7,'河池',2,0),(105,7,'贺州',2,0),(106,7,'来宾',2,0),(107,7,'柳州',2,0),(108,7,'钦州',2,0),(109,7,'梧州',2,0),(110,7,'玉林',2,0),(111,8,'贵阳',2,0),(112,8,'安顺',2,0),(113,8,'毕节',2,0),(114,8,'六盘水',2,0),(115,8,'黔东南',2,0),(116,8,'黔南',2,0),(117,8,'黔西南',2,0),(118,8,'铜仁',2,0),(119,8,'遵义',2,0),(120,9,'海口',2,0),(121,9,'三亚',2,0),(122,9,'白沙',2,0),(123,9,'保亭',2,0),(124,9,'昌江',2,0),(125,9,'澄迈县',2,0),(126,9,'定安县',2,0),(127,9,'东方',2,0),(128,9,'乐东',2,0),(129,9,'临高县',2,0),(130,9,'陵水',2,0),(131,9,'琼海',2,0),(132,9,'琼中',2,0),(133,9,'屯昌县',2,0),(134,9,'万宁',2,0),(135,9,'文昌',2,0),(136,9,'五指山',2,0),(137,9,'儋州',2,0),(138,10,'石家庄',2,0),(139,10,'保定',2,0),(140,10,'沧州',2,0),(141,10,'承德',2,0),(142,10,'邯郸',2,0),(143,10,'衡水',2,0),(144,10,'廊坊',2,0),(145,10,'秦皇岛',2,0),(146,10,'唐山',2,0),(147,10,'邢台',2,0),(148,10,'张家口',2,0),(149,11,'郑州',2,0),(150,11,'洛阳',2,0),(151,11,'开封',2,0),(152,11,'安阳',2,0),(153,11,'鹤壁',2,0),(154,11,'济源',2,0),(155,11,'焦作',2,0),(156,11,'南阳',2,0),(157,11,'平顶山',2,0),(158,11,'三门峡',2,0),(159,11,'商丘',2,0),(160,11,'新乡',2,0),(161,11,'信阳',2,0),(162,11,'许昌',2,0),(163,11,'周口',2,0),(164,11,'驻马店',2,0),(165,11,'漯河',2,0),(166,11,'濮阳',2,0),(167,12,'哈尔滨',2,0),(168,12,'大庆',2,0),(169,12,'大兴安岭',2,0),(170,12,'鹤岗',2,0),(171,12,'黑河',2,0),(172,12,'鸡西',2,0),(173,12,'佳木斯',2,0),(174,12,'牡丹江',2,0),(175,12,'七台河',2,0),(176,12,'齐齐哈尔',2,0),(177,12,'双鸭山',2,0),(178,12,'绥化',2,0),(179,12,'伊春',2,0),(180,13,'武汉',2,0),(181,13,'仙桃',2,0),(182,13,'鄂州',2,0),(183,13,'黄冈',2,0),(184,13,'黄石',2,0),(185,13,'荆门',2,0),(186,13,'荆州',2,0),(187,13,'潜江',2,0),(188,13,'神农架林区',2,0),(189,13,'十堰',2,0),(190,13,'随州',2,0),(191,13,'天门',2,0),(192,13,'咸宁',2,0),(193,13,'襄樊',2,0),(194,13,'孝感',2,0),(195,13,'宜昌',2,0),(196,13,'恩施',2,0),(197,14,'长沙',2,0),(198,14,'张家界',2,0),(199,14,'常德',2,0),(200,14,'郴州',2,0),(201,14,'衡阳',2,0),(202,14,'怀化',2,0),(203,14,'娄底',2,0),(204,14,'邵阳',2,0),(205,14,'湘潭',2,0),(206,14,'湘西',2,0),(207,14,'益阳',2,0),(208,14,'永州',2,0),(209,14,'岳阳',2,0),(210,14,'株洲',2,0),(211,15,'长春',2,0),(212,15,'吉林',2,0),(213,15,'白城',2,0),(214,15,'白山',2,0),(215,15,'辽源',2,0),(216,15,'四平',2,0),(217,15,'松原',2,0),(218,15,'通化',2,0),(219,15,'延边',2,0),(220,16,'南京',2,0),(221,16,'苏州',2,0),(222,16,'无锡',2,0),(223,16,'常州',2,0),(224,16,'淮安',2,0),(225,16,'连云港',2,0),(226,16,'南通',2,0),(227,16,'宿迁',2,0),(228,16,'泰州',2,0),(229,16,'徐州',2,0),(230,16,'盐城',2,0),(231,16,'扬州',2,0),(232,16,'镇江',2,0),(233,17,'南昌',2,0),(234,17,'抚州',2,0),(235,17,'赣州',2,0),(236,17,'吉安',2,0),(237,17,'景德镇',2,0),(238,17,'九江',2,0),(239,17,'萍乡',2,0),(240,17,'上饶',2,0),(241,17,'新余',2,0),(242,17,'宜春',2,0),(243,17,'鹰潭',2,0),(244,18,'沈阳',2,0),(245,18,'大连',2,0),(246,18,'鞍山',2,0),(247,18,'本溪',2,0),(248,18,'朝阳',2,0),(249,18,'丹东',2,0),(250,18,'抚顺',2,0),(251,18,'阜新',2,0),(252,18,'葫芦岛',2,0),(253,18,'锦州',2,0),(254,18,'辽阳',2,0),(255,18,'盘锦',2,0),(256,18,'铁岭',2,0),(257,18,'营口',2,0),(258,19,'呼和浩特',2,0),(259,19,'阿拉善盟',2,0),(260,19,'巴彦淖尔盟',2,0),(261,19,'包头',2,0),(262,19,'赤峰',2,0),(263,19,'鄂尔多斯',2,0),(264,19,'呼伦贝尔',2,0),(265,19,'通辽',2,0),(266,19,'乌海',2,0),(267,19,'乌兰察布市',2,0),(268,19,'锡林郭勒盟',2,0),(269,19,'兴安盟',2,0),(270,20,'银川',2,0),(271,20,'固原',2,0),(272,20,'石嘴山',2,0),(273,20,'吴忠',2,0),(274,20,'中卫',2,0),(275,21,'西宁',2,0),(276,21,'果洛',2,0),(277,21,'海北',2,0),(278,21,'海东',2,0),(279,21,'海南',2,0),(280,21,'海西',2,0),(281,21,'黄南',2,0),(282,21,'玉树',2,0),(283,22,'济南',2,0),(284,22,'青岛',2,0),(285,22,'滨州',2,0),(286,22,'德州',2,0),(287,22,'东营',2,0),(288,22,'菏泽',2,0),(289,22,'济宁',2,0),(290,22,'莱芜',2,0),(291,22,'聊城',2,0),(292,22,'临沂',2,0),(293,22,'日照',2,0),(294,22,'泰安',2,0),(295,22,'威海',2,0),(296,22,'潍坊',2,0),(297,22,'烟台',2,0),(298,22,'枣庄',2,0),(299,22,'淄博',2,0),(300,23,'太原',2,0),(301,23,'长治',2,0),(302,23,'大同',2,0),(303,23,'晋城',2,0),(304,23,'晋中',2,0),(305,23,'临汾',2,0),(306,23,'吕梁',2,0),(307,23,'朔州',2,0),(308,23,'忻州',2,0),(309,23,'阳泉',2,0),(310,23,'运城',2,0),(311,24,'西安',2,0),(312,24,'安康',2,0),(313,24,'宝鸡',2,0),(314,24,'汉中',2,0),(315,24,'商洛',2,0),(316,24,'铜川',2,0),(317,24,'渭南',2,0),(318,24,'咸阳',2,0),(319,24,'延安',2,0),(320,24,'榆林',2,0),(321,25,'上海',2,0),(322,26,'成都',2,0),(323,26,'绵阳',2,0),(324,26,'阿坝',2,0),(325,26,'巴中',2,0),(326,26,'达州',2,0),(327,26,'德阳',2,0),(328,26,'甘孜',2,0),(329,26,'广安',2,0),(330,26,'广元',2,0),(331,26,'乐山',2,0),(332,26,'凉山',2,0),(333,26,'眉山',2,0),(334,26,'南充',2,0),(335,26,'内江',2,0),(336,26,'攀枝花',2,0),(337,26,'遂宁',2,0),(338,26,'雅安',2,0),(339,26,'宜宾',2,0),(340,26,'资阳',2,0),(341,26,'自贡',2,0),(342,26,'泸州',2,0),(343,27,'天津',2,0),(344,28,'拉萨',2,0),(345,28,'阿里',2,0),(346,28,'昌都',2,0),(347,28,'林芝',2,0),(348,28,'那曲',2,0),(349,28,'日喀则',2,0),(350,28,'山南',2,0),(351,29,'乌鲁木齐',2,0),(352,29,'阿克苏',2,0),(353,29,'阿拉尔',2,0),(354,29,'巴音郭楞',2,0),(355,29,'博尔塔拉',2,0),(356,29,'昌吉',2,0),(357,29,'哈密',2,0),(358,29,'和田',2,0),(359,29,'喀什',2,0),(360,29,'克拉玛依',2,0),(361,29,'克孜勒苏',2,0),(362,29,'石河子',2,0),(363,29,'图木舒克',2,0),(364,29,'吐鲁番',2,0),(365,29,'五家渠',2,0),(366,29,'伊犁',2,0),(367,30,'昆明',2,0),(368,30,'怒江',2,0),(369,30,'普洱',2,0),(370,30,'丽江',2,0),(371,30,'保山',2,0),(372,30,'楚雄',2,0),(373,30,'大理',2,0),(374,30,'德宏',2,0),(375,30,'迪庆',2,0),(376,30,'红河',2,0),(377,30,'临沧',2,0),(378,30,'曲靖',2,0),(379,30,'文山',2,0),(380,30,'西双版纳',2,0),(381,30,'玉溪',2,0),(382,30,'昭通',2,0),(383,31,'杭州',2,0),(384,31,'湖州',2,0),(385,31,'嘉兴',2,0),(386,31,'金华',2,0),(387,31,'丽水',2,0),(388,31,'宁波',2,0),(389,31,'绍兴',2,0),(390,31,'台州',2,0),(391,31,'温州',2,0),(392,31,'舟山',2,0),(393,31,'衢州',2,0),(394,32,'重庆',2,0),(395,33,'香港',2,0),(396,34,'澳门',2,0),(397,35,'台湾',2,0),(398,36,'迎江区',3,0),(399,36,'大观区',3,0),(400,36,'宜秀区',3,0),(401,36,'桐城市',3,0),(402,36,'怀宁县',3,0),(403,36,'枞阳县',3,0),(404,36,'潜山县',3,0),(405,36,'太湖县',3,0),(406,36,'宿松县',3,0),(407,36,'望江县',3,0),(408,36,'岳西县',3,0),(409,37,'中市区',3,0),(410,37,'东市区',3,0),(411,37,'西市区',3,0),(412,37,'郊区',3,0),(413,37,'怀远县',3,0),(414,37,'五河县',3,0),(415,37,'固镇县',3,0),(416,38,'居巢区',3,0),(417,38,'庐江县',3,0),(418,38,'无为县',3,0),(419,38,'含山县',3,0),(420,38,'和县',3,0),(421,39,'贵池区',3,0),(422,39,'东至县',3,0),(423,39,'石台县',3,0),(424,39,'青阳县',3,0),(425,40,'琅琊区',3,0),(426,40,'南谯区',3,0),(427,40,'天长市',3,0),(428,40,'明光市',3,0),(429,40,'来安县',3,0),(430,40,'全椒县',3,0),(431,40,'定远县',3,0),(432,40,'凤阳县',3,0),(433,41,'蚌山区',3,0),(434,41,'龙子湖区',3,0),(435,41,'禹会区',3,0),(436,41,'淮上区',3,0),(437,41,'颍州区',3,0),(438,41,'颍东区',3,0),(439,41,'颍泉区',3,0),(440,41,'界首市',3,0),(441,41,'临泉县',3,0),(442,41,'太和县',3,0),(443,41,'阜南县',3,0),(444,41,'颖上县',3,0),(445,42,'相山区',3,0),(446,42,'杜集区',3,0),(447,42,'烈山区',3,0),(448,42,'濉溪县',3,0),(449,43,'田家庵区',3,0),(450,43,'大通区',3,0),(451,43,'谢家集区',3,0),(452,43,'八公山区',3,0),(453,43,'潘集区',3,0),(454,43,'凤台县',3,0),(455,44,'屯溪区',3,0),(456,44,'黄山区',3,0),(457,44,'徽州区',3,0),(458,44,'歙县',3,0),(459,44,'休宁县',3,0),(460,44,'黟县',3,0),(461,44,'祁门县',3,0),(462,45,'金安区',3,0),(463,45,'裕安区',3,0),(464,45,'寿县',3,0),(465,45,'霍邱县',3,0),(466,45,'舒城县',3,0),(467,45,'金寨县',3,0),(468,45,'霍山县',3,0),(469,46,'雨山区',3,0),(470,46,'花山区',3,0),(471,46,'金家庄区',3,0),(472,46,'当涂县',3,0),(473,47,'埇桥区',3,0),(474,47,'砀山县',3,0),(475,47,'萧县',3,0),(476,47,'灵璧县',3,0),(477,47,'泗县',3,0),(478,48,'铜官山区',3,0),(479,48,'狮子山区',3,0),(480,48,'郊区',3,0),(481,48,'铜陵县',3,0),(482,49,'镜湖区',3,0),(483,49,'弋江区',3,0),(484,49,'鸠江区',3,0),(485,49,'三山区',3,0),(486,49,'芜湖县',3,0),(487,49,'繁昌县',3,0),(488,49,'南陵县',3,0),(489,50,'宣州区',3,0),(490,50,'宁国市',3,0),(491,50,'郎溪县',3,0),(492,50,'广德县',3,0),(493,50,'泾县',3,0),(494,50,'绩溪县',3,0),(495,50,'旌德县',3,0),(496,51,'涡阳县',3,0),(497,51,'蒙城县',3,0),(498,51,'利辛县',3,0),(499,51,'谯城区',3,0),(500,52,'东城区',3,0),(501,52,'西城区',3,0),(502,52,'海淀区',3,0),(503,52,'朝阳区',3,0),(504,52,'崇文区',3,0),(505,52,'宣武区',3,0),(506,52,'丰台区',3,0),(507,52,'石景山区',3,0),(508,52,'房山区',3,0),(509,52,'门头沟区',3,0),(510,52,'通州区',3,0),(511,52,'顺义区',3,0),(512,52,'昌平区',3,0),(513,52,'怀柔区',3,0),(514,52,'平谷区',3,0),(515,52,'大兴区',3,0),(516,52,'密云县',3,0),(517,52,'延庆县',3,0),(518,53,'鼓楼区',3,0),(519,53,'台江区',3,0),(520,53,'仓山区',3,0),(521,53,'马尾区',3,0),(522,53,'晋安区',3,0),(523,53,'福清市',3,0),(524,53,'长乐市',3,0),(525,53,'闽侯县',3,0),(526,53,'连江县',3,0),(527,53,'罗源县',3,0),(528,53,'闽清县',3,0),(529,53,'永泰县',3,0),(530,53,'平潭县',3,0),(531,54,'新罗区',3,0),(532,54,'漳平市',3,0),(533,54,'长汀县',3,0),(534,54,'永定县',3,0),(535,54,'上杭县',3,0),(536,54,'武平县',3,0),(537,54,'连城县',3,0),(538,55,'延平区',3,0),(539,55,'邵武市',3,0),(540,55,'武夷山市',3,0),(541,55,'建瓯市',3,0),(542,55,'建阳市',3,0),(543,55,'顺昌县',3,0),(544,55,'浦城县',3,0),(545,55,'光泽县',3,0),(546,55,'松溪县',3,0),(547,55,'政和县',3,0),(548,56,'蕉城区',3,0),(549,56,'福安市',3,0),(550,56,'福鼎市',3,0),(551,56,'霞浦县',3,0),(552,56,'古田县',3,0),(553,56,'屏南县',3,0),(554,56,'寿宁县',3,0),(555,56,'周宁县',3,0),(556,56,'柘荣县',3,0),(557,57,'城厢区',3,0),(558,57,'涵江区',3,0),(559,57,'荔城区',3,0),(560,57,'秀屿区',3,0),(561,57,'仙游县',3,0),(562,58,'鲤城区',3,0),(563,58,'丰泽区',3,0),(564,58,'洛江区',3,0),(565,58,'清濛开发区',3,0),(566,58,'泉港区',3,0),(567,58,'石狮市',3,0),(568,58,'晋江市',3,0),(569,58,'南安市',3,0),(570,58,'惠安县',3,0),(571,58,'安溪县',3,0),(572,58,'永春县',3,0),(573,58,'德化县',3,0),(574,58,'金门县',3,0),(575,59,'梅列区',3,0),(576,59,'三元区',3,0),(577,59,'永安市',3,0),(578,59,'明溪县',3,0),(579,59,'清流县',3,0),(580,59,'宁化县',3,0),(581,59,'大田县',3,0),(582,59,'尤溪县',3,0),(583,59,'沙县',3,0),(584,59,'将乐县',3,0),(585,59,'泰宁县',3,0),(586,59,'建宁县',3,0),(587,60,'思明区',3,0),(588,60,'海沧区',3,0),(589,60,'湖里区',3,0),(590,60,'集美区',3,0),(591,60,'同安区',3,0),(592,60,'翔安区',3,0),(593,61,'芗城区',3,0),(594,61,'龙文区',3,0),(595,61,'龙海市',3,0),(596,61,'云霄县',3,0),(597,61,'漳浦县',3,0),(598,61,'诏安县',3,0),(599,61,'长泰县',3,0),(600,61,'东山县',3,0),(601,61,'南靖县',3,0),(602,61,'平和县',3,0),(603,61,'华安县',3,0),(604,62,'皋兰县',3,0),(605,62,'城关区',3,0),(606,62,'七里河区',3,0),(607,62,'西固区',3,0),(608,62,'安宁区',3,0),(609,62,'红古区',3,0),(610,62,'永登县',3,0),(611,62,'榆中县',3,0),(612,63,'白银区',3,0),(613,63,'平川区',3,0),(614,63,'会宁县',3,0),(615,63,'景泰县',3,0),(616,63,'靖远县',3,0),(617,64,'临洮县',3,0),(618,64,'陇西县',3,0),(619,64,'通渭县',3,0),(620,64,'渭源县',3,0),(621,64,'漳县',3,0),(622,64,'岷县',3,0),(623,64,'安定区',3,0),(624,64,'安定区',3,0),(625,65,'合作市',3,0),(626,65,'临潭县',3,0),(627,65,'卓尼县',3,0),(628,65,'舟曲县',3,0),(629,65,'迭部县',3,0),(630,65,'玛曲县',3,0),(631,65,'碌曲县',3,0),(632,65,'夏河县',3,0),(633,66,'嘉峪关市',3,0),(634,67,'金川区',3,0),(635,67,'永昌县',3,0),(636,68,'肃州区',3,0),(637,68,'玉门市',3,0),(638,68,'敦煌市',3,0),(639,68,'金塔县',3,0),(640,68,'瓜州县',3,0),(641,68,'肃北',3,0),(642,68,'阿克塞',3,0),(643,69,'临夏市',3,0),(644,69,'临夏县',3,0),(645,69,'康乐县',3,0),(646,69,'永靖县',3,0),(647,69,'广河县',3,0),(648,69,'和政县',3,0),(649,69,'东乡族自治县',3,0),(650,69,'积石山',3,0),(651,70,'成县',3,0),(652,70,'徽县',3,0),(653,70,'康县',3,0),(654,70,'礼县',3,0),(655,70,'两当县',3,0),(656,70,'文县',3,0),(657,70,'西和县',3,0),(658,70,'宕昌县',3,0),(659,70,'武都区',3,0),(660,71,'崇信县',3,0),(661,71,'华亭县',3,0),(662,71,'静宁县',3,0),(663,71,'灵台县',3,0),(664,71,'崆峒区',3,0),(665,71,'庄浪县',3,0),(666,71,'泾川县',3,0),(667,72,'合水县',3,0),(668,72,'华池县',3,0),(669,72,'环县',3,0),(670,72,'宁县',3,0),(671,72,'庆城县',3,0),(672,72,'西峰区',3,0),(673,72,'镇原县',3,0),(674,72,'正宁县',3,0),(675,73,'甘谷县',3,0),(676,73,'秦安县',3,0),(677,73,'清水县',3,0),(678,73,'秦州区',3,0),(679,73,'麦积区',3,0),(680,73,'武山县',3,0),(681,73,'张家川',3,0),(682,74,'古浪县',3,0),(683,74,'民勤县',3,0),(684,74,'天祝',3,0),(685,74,'凉州区',3,0),(686,75,'高台县',3,0),(687,75,'临泽县',3,0),(688,75,'民乐县',3,0),(689,75,'山丹县',3,0),(690,75,'肃南',3,0),(691,75,'甘州区',3,0),(692,76,'从化市',3,0),(693,76,'天河区',3,0),(694,76,'东山区',3,0),(695,76,'白云区',3,0),(696,76,'海珠区',3,0),(697,76,'荔湾区',3,0),(698,76,'越秀区',3,0),(699,76,'黄埔区',3,0),(700,76,'番禺区',3,0),(701,76,'花都区',3,0),(702,76,'增城区',3,0),(703,76,'从化区',3,0),(704,76,'市郊',3,0),(705,77,'福田区',3,0),(706,77,'罗湖区',3,0),(707,77,'南山区',3,0),(708,77,'宝安区',3,0),(709,77,'龙岗区',3,0),(710,77,'盐田区',3,0),(711,78,'湘桥区',3,0),(712,78,'潮安县',3,0),(713,78,'饶平县',3,0),(714,79,'南城区',3,0),(715,79,'东城区',3,0),(716,79,'万江区',3,0),(717,79,'莞城区',3,0),(718,79,'石龙镇',3,0),(719,79,'虎门镇',3,0),(720,79,'麻涌镇',3,0),(721,79,'道滘镇',3,0),(722,79,'石碣镇',3,0),(723,79,'沙田镇',3,0),(724,79,'望牛墩镇',3,0),(725,79,'洪梅镇',3,0),(726,79,'茶山镇',3,0),(727,79,'寮步镇',3,0),(728,79,'大岭山镇',3,0),(729,79,'大朗镇',3,0),(730,79,'黄江镇',3,0),(731,79,'樟木头',3,0),(732,79,'凤岗镇',3,0),(733,79,'塘厦镇',3,0),(734,79,'谢岗镇',3,0),(735,79,'厚街镇',3,0),(736,79,'清溪镇',3,0),(737,79,'常平镇',3,0),(738,79,'桥头镇',3,0),(739,79,'横沥镇',3,0),(740,79,'东坑镇',3,0),(741,79,'企石镇',3,0),(742,79,'石排镇',3,0),(743,79,'长安镇',3,0),(744,79,'中堂镇',3,0),(745,79,'高埗镇',3,0),(746,80,'禅城区',3,0),(747,80,'南海区',3,0),(748,80,'顺德区',3,0),(749,80,'三水区',3,0),(750,80,'高明区',3,0),(751,81,'东源县',3,0),(752,81,'和平县',3,0),(753,81,'源城区',3,0),(754,81,'连平县',3,0),(755,81,'龙川县',3,0),(756,81,'紫金县',3,0),(757,82,'惠阳区',3,0),(758,82,'惠城区',3,0),(759,82,'大亚湾',3,0),(760,82,'博罗县',3,0),(761,82,'惠东县',3,0),(762,82,'龙门县',3,0),(763,83,'江海区',3,0),(764,83,'蓬江区',3,0),(765,83,'新会区',3,0),(766,83,'台山市',3,0),(767,83,'开平市',3,0),(768,83,'鹤山市',3,0),(769,83,'恩平市',3,0),(770,84,'榕城区',3,0),(771,84,'普宁市',3,0),(772,84,'揭东县',3,0),(773,84,'揭西县',3,0),(774,84,'惠来县',3,0),(775,85,'茂南区',3,0),(776,85,'茂港区',3,0),(777,85,'高州市',3,0),(778,85,'化州市',3,0),(779,85,'信宜市',3,0),(780,85,'电白县',3,0),(781,86,'梅县',3,0),(782,86,'梅江区',3,0),(783,86,'兴宁市',3,0),(784,86,'大埔县',3,0),(785,86,'丰顺县',3,0),(786,86,'五华县',3,0),(787,86,'平远县',3,0),(788,86,'蕉岭县',3,0),(789,87,'清城区',3,0),(790,87,'英德市',3,0),(791,87,'连州市',3,0),(792,87,'佛冈县',3,0),(793,87,'阳山县',3,0),(794,87,'清新县',3,0),(795,87,'连山',3,0),(796,87,'连南',3,0),(797,88,'南澳县',3,0),(798,88,'潮阳区',3,0),(799,88,'澄海区',3,0),(800,88,'龙湖区',3,0),(801,88,'金平区',3,0),(802,88,'濠江区',3,0),(803,88,'潮南区',3,0),(804,89,'城区',3,0),(805,89,'陆丰市',3,0),(806,89,'海丰县',3,0),(807,89,'陆河县',3,0),(808,90,'曲江县',3,0),(809,90,'浈江区',3,0),(810,90,'武江区',3,0),(811,90,'曲江区',3,0),(812,90,'乐昌市',3,0),(813,90,'南雄市',3,0),(814,90,'始兴县',3,0),(815,90,'仁化县',3,0),(816,90,'翁源县',3,0),(817,90,'新丰县',3,0),(818,90,'乳源',3,0),(819,91,'江城区',3,0),(820,91,'阳春市',3,0),(821,91,'阳西县',3,0),(822,91,'阳东县',3,0),(823,92,'云城区',3,0),(824,92,'罗定市',3,0),(825,92,'新兴县',3,0),(826,92,'郁南县',3,0),(827,92,'云安县',3,0),(828,93,'赤坎区',3,0),(829,93,'霞山区',3,0),(830,93,'坡头区',3,0),(831,93,'麻章区',3,0),(832,93,'廉江市',3,0),(833,93,'雷州市',3,0),(834,93,'吴川市',3,0),(835,93,'遂溪县',3,0),(836,93,'徐闻县',3,0),(837,94,'肇庆市',3,0),(838,94,'高要市',3,0),(839,94,'四会市',3,0),(840,94,'广宁县',3,0),(841,94,'怀集县',3,0),(842,94,'封开县',3,0),(843,94,'德庆县',3,0),(844,95,'石岐街道',3,0),(845,95,'东区街道',3,0),(846,95,'西区街道',3,0),(847,95,'环城街道',3,0),(848,95,'中山港街道',3,0),(849,95,'五桂山街道',3,0),(850,96,'香洲区',3,0),(851,96,'斗门区',3,0),(852,96,'金湾区',3,0),(853,97,'邕宁区',3,0),(854,97,'青秀区',3,0),(855,97,'兴宁区',3,0),(856,97,'良庆区',3,0),(857,97,'西乡塘区',3,0),(858,97,'江南区',3,0),(859,97,'武鸣县',3,0),(860,97,'隆安县',3,0),(861,97,'马山县',3,0),(862,97,'上林县',3,0),(863,97,'宾阳县',3,0),(864,97,'横县',3,0),(865,98,'秀峰区',3,0),(866,98,'叠彩区',3,0),(867,98,'象山区',3,0),(868,98,'七星区',3,0),(869,98,'雁山区',3,0),(870,98,'阳朔县',3,0),(871,98,'临桂县',3,0),(872,98,'灵川县',3,0),(873,98,'全州县',3,0),(874,98,'平乐县',3,0),(875,98,'兴安县',3,0),(876,98,'灌阳县',3,0),(877,98,'荔浦县',3,0),(878,98,'资源县',3,0),(879,98,'永福县',3,0),(880,98,'龙胜',3,0),(881,98,'恭城',3,0),(882,99,'右江区',3,0),(883,99,'凌云县',3,0),(884,99,'平果县',3,0),(885,99,'西林县',3,0),(886,99,'乐业县',3,0),(887,99,'德保县',3,0),(888,99,'田林县',3,0),(889,99,'田阳县',3,0),(890,99,'靖西县',3,0),(891,99,'田东县',3,0),(892,99,'那坡县',3,0),(893,99,'隆林',3,0),(894,100,'海城区',3,0),(895,100,'银海区',3,0),(896,100,'铁山港区',3,0),(897,100,'合浦县',3,0),(898,101,'江州区',3,0),(899,101,'凭祥市',3,0),(900,101,'宁明县',3,0),(901,101,'扶绥县',3,0),(902,101,'龙州县',3,0),(903,101,'大新县',3,0),(904,101,'天等县',3,0),(905,102,'港口区',3,0),(906,102,'防城区',3,0),(907,102,'东兴市',3,0),(908,102,'上思县',3,0),(909,103,'港北区',3,0),(910,103,'港南区',3,0),(911,103,'覃塘区',3,0),(912,103,'桂平市',3,0),(913,103,'平南县',3,0),(914,104,'金城江区',3,0),(915,104,'宜州市',3,0),(916,104,'天峨县',3,0),(917,104,'凤山县',3,0),(918,104,'南丹县',3,0),(919,104,'东兰县',3,0),(920,104,'都安',3,0),(921,104,'罗城',3,0),(922,104,'巴马',3,0),(923,104,'环江',3,0),(924,104,'大化',3,0),(925,105,'八步区',3,0),(926,105,'钟山县',3,0),(927,105,'昭平县',3,0),(928,105,'富川',3,0),(929,106,'兴宾区',3,0),(930,106,'合山市',3,0),(931,106,'象州县',3,0),(932,106,'武宣县',3,0),(933,106,'忻城县',3,0),(934,106,'金秀',3,0),(935,107,'城中区',3,0),(936,107,'鱼峰区',3,0),(937,107,'柳北区',3,0),(938,107,'柳南区',3,0),(939,107,'柳江县',3,0),(940,107,'柳城县',3,0),(941,107,'鹿寨县',3,0),(942,107,'融安县',3,0),(943,107,'融水',3,0),(944,107,'三江',3,0),(945,108,'钦南区',3,0),(946,108,'钦北区',3,0),(947,108,'灵山县',3,0),(948,108,'浦北县',3,0),(949,109,'万秀区',3,0),(950,109,'蝶山区',3,0),(951,109,'长洲区',3,0),(952,109,'岑溪市',3,0),(953,109,'苍梧县',3,0),(954,109,'藤县',3,0),(955,109,'蒙山县',3,0),(956,110,'玉州区',3,0),(957,110,'北流市',3,0),(958,110,'容县',3,0),(959,110,'陆川县',3,0),(960,110,'博白县',3,0),(961,110,'兴业县',3,0),(962,111,'南明区',3,0),(963,111,'云岩区',3,0),(964,111,'花溪区',3,0),(965,111,'乌当区',3,0),(966,111,'白云区',3,0),(967,111,'小河区',3,0),(968,111,'金阳新区',3,0),(969,111,'新天园区',3,0),(970,111,'清镇市',3,0),(971,111,'开阳县',3,0),(972,111,'修文县',3,0),(973,111,'息烽县',3,0),(974,112,'西秀区',3,0),(975,112,'关岭',3,0),(976,112,'镇宁',3,0),(977,112,'紫云',3,0),(978,112,'平坝县',3,0),(979,112,'普定县',3,0),(980,113,'毕节市',3,0),(981,113,'大方县',3,0),(982,113,'黔西县',3,0),(983,113,'金沙县',3,0),(984,113,'织金县',3,0),(985,113,'纳雍县',3,0),(986,113,'赫章县',3,0),(987,113,'威宁',3,0),(988,114,'钟山区',3,0),(989,114,'六枝特区',3,0),(990,114,'水城县',3,0),(991,114,'盘县',3,0),(992,115,'凯里市',3,0),(993,115,'黄平县',3,0),(994,115,'施秉县',3,0),(995,115,'三穗县',3,0),(996,115,'镇远县',3,0),(997,115,'岑巩县',3,0),(998,115,'天柱县',3,0),(999,115,'锦屏县',3,0),(1000,115,'剑河县',3,0),(1001,115,'台江县',3,0),(1002,115,'黎平县',3,0),(1003,115,'榕江县',3,0),(1004,115,'从江县',3,0),(1005,115,'雷山县',3,0),(1006,115,'麻江县',3,0),(1007,115,'丹寨县',3,0),(1008,116,'都匀市',3,0),(1009,116,'福泉市',3,0),(1010,116,'荔波县',3,0),(1011,116,'贵定县',3,0),(1012,116,'瓮安县',3,0),(1013,116,'独山县',3,0),(1014,116,'平塘县',3,0),(1015,116,'罗甸县',3,0),(1016,116,'长顺县',3,0),(1017,116,'龙里县',3,0),(1018,116,'惠水县',3,0),(1019,116,'三都',3,0),(1020,117,'兴义市',3,0),(1021,117,'兴仁县',3,0),(1022,117,'普安县',3,0),(1023,117,'晴隆县',3,0),(1024,117,'贞丰县',3,0),(1025,117,'望谟县',3,0),(1026,117,'册亨县',3,0),(1027,117,'安龙县',3,0),(1028,118,'铜仁市',3,0),(1029,118,'江口县',3,0),(1030,118,'石阡县',3,0),(1031,118,'思南县',3,0),(1032,118,'德江县',3,0),(1033,118,'玉屏',3,0),(1034,118,'印江',3,0),(1035,118,'沿河',3,0),(1036,118,'松桃',3,0),(1037,118,'万山特区',3,0),(1038,119,'红花岗区',3,0),(1039,119,'务川县',3,0),(1040,119,'道真县',3,0),(1041,119,'汇川区',3,0),(1042,119,'赤水市',3,0),(1043,119,'仁怀市',3,0),(1044,119,'遵义县',3,0),(1045,119,'桐梓县',3,0),(1046,119,'绥阳县',3,0),(1047,119,'正安县',3,0),(1048,119,'凤冈县',3,0),(1049,119,'湄潭县',3,0),(1050,119,'余庆县',3,0),(1051,119,'习水县',3,0),(1052,119,'道真',3,0),(1053,119,'务川',3,0),(1054,120,'秀英区',3,0),(1055,120,'龙华区',3,0),(1056,120,'琼山区',3,0),(1057,120,'美兰区',3,0),(1058,137,'市区',3,0),(1059,137,'洋浦开发区',3,0),(1060,137,'那大镇',3,0),(1061,137,'王五镇',3,0),(1062,137,'雅星镇',3,0),(1063,137,'大成镇',3,0),(1064,137,'中和镇',3,0),(1065,137,'峨蔓镇',3,0),(1066,137,'南丰镇',3,0),(1067,137,'白马井镇',3,0),(1068,137,'兰洋镇',3,0),(1069,137,'和庆镇',3,0),(1070,137,'海头镇',3,0),(1071,137,'排浦镇',3,0),(1072,137,'东成镇',3,0),(1073,137,'光村镇',3,0),(1074,137,'木棠镇',3,0),(1075,137,'新州镇',3,0),(1076,137,'三都镇',3,0),(1077,137,'其他',3,0),(1078,138,'长安区',3,0),(1079,138,'桥东区',3,0),(1080,138,'桥西区',3,0),(1081,138,'新华区',3,0),(1082,138,'裕华区',3,0),(1083,138,'井陉矿区',3,0),(1084,138,'高新区',3,0),(1085,138,'辛集市',3,0),(1086,138,'藁城市',3,0),(1087,138,'晋州市',3,0),(1088,138,'新乐市',3,0),(1089,138,'鹿泉市',3,0),(1090,138,'井陉县',3,0),(1091,138,'正定县',3,0),(1092,138,'栾城县',3,0),(1093,138,'行唐县',3,0),(1094,138,'灵寿县',3,0),(1095,138,'高邑县',3,0),(1096,138,'深泽县',3,0),(1097,138,'赞皇县',3,0),(1098,138,'无极县',3,0),(1099,138,'平山县',3,0),(1100,138,'元氏县',3,0),(1101,138,'赵县',3,0),(1102,139,'新市区',3,0),(1103,139,'南市区',3,0),(1104,139,'北市区',3,0),(1105,139,'涿州市',3,0),(1106,139,'定州市',3,0),(1107,139,'安国市',3,0),(1108,139,'高碑店市',3,0),(1109,139,'满城县',3,0),(1110,139,'清苑县',3,0),(1111,139,'涞水县',3,0),(1112,139,'阜平县',3,0),(1113,139,'徐水县',3,0),(1114,139,'定兴县',3,0),(1115,139,'唐县',3,0),(1116,139,'高阳县',3,0),(1117,139,'容城县',3,0),(1118,139,'涞源县',3,0),(1119,139,'望都县',3,0),(1120,139,'安新县',3,0),(1121,139,'易县',3,0),(1122,139,'曲阳县',3,0),(1123,139,'蠡县',3,0),(1124,139,'顺平县',3,0),(1125,139,'博野县',3,0),(1126,139,'雄县',3,0),(1127,140,'运河区',3,0),(1128,140,'新华区',3,0),(1129,140,'泊头市',3,0),(1130,140,'任丘市',3,0),(1131,140,'黄骅市',3,0),(1132,140,'河间市',3,0),(1133,140,'沧县',3,0),(1134,140,'青县',3,0),(1135,140,'东光县',3,0),(1136,140,'海兴县',3,0),(1137,140,'盐山县',3,0),(1138,140,'肃宁县',3,0),(1139,140,'南皮县',3,0),(1140,140,'吴桥县',3,0),(1141,140,'献县',3,0),(1142,140,'孟村',3,0),(1143,141,'双桥区',3,0),(1144,141,'双滦区',3,0),(1145,141,'鹰手营子矿区',3,0),(1146,141,'承德县',3,0),(1147,141,'兴隆县',3,0),(1148,141,'平泉县',3,0),(1149,141,'滦平县',3,0),(1150,141,'隆化县',3,0),(1151,141,'丰宁',3,0),(1152,141,'宽城',3,0),(1153,141,'围场',3,0),(1154,142,'从台区',3,0),(1155,142,'复兴区',3,0),(1156,142,'邯山区',3,0),(1157,142,'峰峰矿区',3,0),(1158,142,'武安市',3,0),(1159,142,'邯郸县',3,0),(1160,142,'临漳县',3,0),(1161,142,'成安县',3,0),(1162,142,'大名县',3,0),(1163,142,'涉县',3,0),(1164,142,'磁县',3,0),(1165,142,'肥乡县',3,0),(1166,142,'永年县',3,0),(1167,142,'邱县',3,0),(1168,142,'鸡泽县',3,0),(1169,142,'广平县',3,0),(1170,142,'馆陶县',3,0),(1171,142,'魏县',3,0),(1172,142,'曲周县',3,0),(1173,143,'桃城区',3,0),(1174,143,'冀州市',3,0),(1175,143,'深州市',3,0),(1176,143,'枣强县',3,0),(1177,143,'武邑县',3,0),(1178,143,'武强县',3,0),(1179,143,'饶阳县',3,0),(1180,143,'安平县',3,0),(1181,143,'故城县',3,0),(1182,143,'景县',3,0),(1183,143,'阜城县',3,0),(1184,144,'安次区',3,0),(1185,144,'广阳区',3,0),(1186,144,'霸州市',3,0),(1187,144,'三河市',3,0),(1188,144,'固安县',3,0),(1189,144,'永清县',3,0),(1190,144,'香河县',3,0),(1191,144,'大城县',3,0),(1192,144,'文安县',3,0),(1193,144,'大厂',3,0),(1194,145,'海港区',3,0),(1195,145,'山海关区',3,0),(1196,145,'北戴河区',3,0),(1197,145,'昌黎县',3,0),(1198,145,'抚宁县',3,0),(1199,145,'卢龙县',3,0),(1200,145,'青龙',3,0),(1201,146,'路北区',3,0),(1202,146,'路南区',3,0),(1203,146,'古冶区',3,0),(1204,146,'开平区',3,0),(1205,146,'丰南区',3,0),(1206,146,'丰润区',3,0),(1207,146,'遵化市',3,0),(1208,146,'迁安市',3,0),(1209,146,'滦县',3,0),(1210,146,'滦南县',3,0),(1211,146,'乐亭县',3,0),(1212,146,'迁西县',3,0),(1213,146,'玉田县',3,0),(1214,146,'唐海县',3,0),(1215,147,'桥东区',3,0),(1216,147,'桥西区',3,0),(1217,147,'南宫市',3,0),(1218,147,'沙河市',3,0),(1219,147,'邢台县',3,0),(1220,147,'临城县',3,0),(1221,147,'内丘县',3,0),(1222,147,'柏乡县',3,0),(1223,147,'隆尧县',3,0),(1224,147,'任县',3,0),(1225,147,'南和县',3,0),(1226,147,'宁晋县',3,0),(1227,147,'巨鹿县',3,0),(1228,147,'新河县',3,0),(1229,147,'广宗县',3,0),(1230,147,'平乡县',3,0),(1231,147,'威县',3,0),(1232,147,'清河县',3,0),(1233,147,'临西县',3,0),(1234,148,'桥西区',3,0),(1235,148,'桥东区',3,0),(1236,148,'宣化区',3,0),(1237,148,'下花园区',3,0),(1238,148,'宣化县',3,0),(1239,148,'张北县',3,0),(1240,148,'康保县',3,0),(1241,148,'沽源县',3,0),(1242,148,'尚义县',3,0),(1243,148,'蔚县',3,0),(1244,148,'阳原县',3,0),(1245,148,'怀安县',3,0),(1246,148,'万全县',3,0),(1247,148,'怀来县',3,0),(1248,148,'涿鹿县',3,0),(1249,148,'赤城县',3,0),(1250,148,'崇礼县',3,0),(1251,149,'金水区',3,0),(1252,149,'邙山区',3,0),(1253,149,'二七区',3,0),(1254,149,'管城区',3,0),(1255,149,'中原区',3,0),(1256,149,'上街区',3,0),(1257,149,'惠济区',3,0),(1258,149,'郑东新区',3,0),(1259,149,'经济技术开发区',3,0),(1260,149,'高新开发区',3,0),(1261,149,'出口加工区',3,0),(1262,149,'巩义市',3,0),(1263,149,'荥阳市',3,0),(1264,149,'新密市',3,0),(1265,149,'新郑市',3,0),(1266,149,'登封市',3,0),(1267,149,'中牟县',3,0),(1268,150,'西工区',3,0),(1269,150,'老城区',3,0),(1270,150,'涧西区',3,0),(1271,150,'瀍河回族区',3,0),(1272,150,'洛龙区',3,0),(1273,150,'吉利区',3,0),(1274,150,'偃师市',3,0),(1275,150,'孟津县',3,0),(1276,150,'新安县',3,0),(1277,150,'栾川县',3,0),(1278,150,'嵩县',3,0),(1279,150,'汝阳县',3,0),(1280,150,'宜阳县',3,0),(1281,150,'洛宁县',3,0),(1282,150,'伊川县',3,0),(1283,151,'鼓楼区',3,0),(1284,151,'龙亭区',3,0),(1285,151,'顺河回族区',3,0),(1286,151,'金明区',3,0),(1287,151,'禹王台区',3,0),(1288,151,'杞县',3,0),(1289,151,'通许县',3,0),(1290,151,'尉氏县',3,0),(1291,151,'开封县',3,0),(1292,151,'兰考县',3,0),(1293,152,'北关区',3,0),(1294,152,'文峰区',3,0),(1295,152,'殷都区',3,0),(1296,152,'龙安区',3,0),(1297,152,'林州市',3,0),(1298,152,'安阳县',3,0),(1299,152,'汤阴县',3,0),(1300,152,'滑县',3,0),(1301,152,'内黄县',3,0),(1302,153,'淇滨区',3,0),(1303,153,'山城区',3,0),(1304,153,'鹤山区',3,0),(1305,153,'浚县',3,0),(1306,153,'淇县',3,0),(1307,154,'济源市',3,0),(1308,155,'解放区',3,0),(1309,155,'中站区',3,0),(1310,155,'马村区',3,0),(1311,155,'山阳区',3,0),(1312,155,'沁阳市',3,0),(1313,155,'孟州市',3,0),(1314,155,'修武县',3,0),(1315,155,'博爱县',3,0),(1316,155,'武陟县',3,0),(1317,155,'温县',3,0),(1318,156,'卧龙区',3,0),(1319,156,'宛城区',3,0),(1320,156,'邓州市',3,0),(1321,156,'南召县',3,0),(1322,156,'方城县',3,0),(1323,156,'西峡县',3,0),(1324,156,'镇平县',3,0),(1325,156,'内乡县',3,0),(1326,156,'淅川县',3,0),(1327,156,'社旗县',3,0),(1328,156,'唐河县',3,0),(1329,156,'新野县',3,0),(1330,156,'桐柏县',3,0),(1331,157,'新华区',3,0),(1332,157,'卫东区',3,0),(1333,157,'湛河区',3,0),(1334,157,'石龙区',3,0),(1335,157,'舞钢市',3,0),(1336,157,'汝州市',3,0),(1337,157,'宝丰县',3,0),(1338,157,'叶县',3,0),(1339,157,'鲁山县',3,0),(1340,157,'郏县',3,0),(1341,158,'湖滨区',3,0),(1342,158,'义马市',3,0),(1343,158,'灵宝市',3,0),(1344,158,'渑池县',3,0),(1345,158,'陕县',3,0),(1346,158,'卢氏县',3,0),(1347,159,'梁园区',3,0),(1348,159,'睢阳区',3,0),(1349,159,'永城市',3,0),(1350,159,'民权县',3,0),(1351,159,'睢县',3,0),(1352,159,'宁陵县',3,0),(1353,159,'虞城县',3,0),(1354,159,'柘城县',3,0),(1355,159,'夏邑县',3,0),(1356,160,'卫滨区',3,0),(1357,160,'红旗区',3,0),(1358,160,'凤泉区',3,0),(1359,160,'牧野区',3,0),(1360,160,'卫辉市',3,0),(1361,160,'辉县市',3,0),(1362,160,'新乡县',3,0),(1363,160,'获嘉县',3,0),(1364,160,'原阳县',3,0),(1365,160,'延津县',3,0),(1366,160,'封丘县',3,0),(1367,160,'长垣县',3,0),(1368,161,'浉河区',3,0),(1369,161,'平桥区',3,0),(1370,161,'罗山县',3,0),(1371,161,'光山县',3,0),(1372,161,'新县',3,0),(1373,161,'商城县',3,0),(1374,161,'固始县',3,0),(1375,161,'潢川县',3,0),(1376,161,'淮滨县',3,0),(1377,161,'息县',3,0),(1378,162,'魏都区',3,0),(1379,162,'禹州市',3,0),(1380,162,'长葛市',3,0),(1381,162,'许昌县',3,0),(1382,162,'鄢陵县',3,0),(1383,162,'襄城县',3,0),(1384,163,'川汇区',3,0),(1385,163,'项城市',3,0),(1386,163,'扶沟县',3,0),(1387,163,'西华县',3,0),(1388,163,'商水县',3,0),(1389,163,'沈丘县',3,0),(1390,163,'郸城县',3,0),(1391,163,'淮阳县',3,0),(1392,163,'太康县',3,0),(1393,163,'鹿邑县',3,0),(1394,164,'驿城区',3,0),(1395,164,'西平县',3,0),(1396,164,'上蔡县',3,0),(1397,164,'平舆县',3,0),(1398,164,'正阳县',3,0),(1399,164,'确山县',3,0),(1400,164,'泌阳县',3,0),(1401,164,'汝南县',3,0),(1402,164,'遂平县',3,0),(1403,164,'新蔡县',3,0),(1404,165,'郾城区',3,0),(1405,165,'源汇区',3,0),(1406,165,'召陵区',3,0),(1407,165,'舞阳县',3,0),(1408,165,'临颍县',3,0),(1409,166,'华龙区',3,0),(1410,166,'清丰县',3,0),(1411,166,'南乐县',3,0),(1412,166,'范县',3,0),(1413,166,'台前县',3,0),(1414,166,'濮阳县',3,0),(1415,167,'道里区',3,0),(1416,167,'南岗区',3,0),(1417,167,'动力区',3,0),(1418,167,'平房区',3,0),(1419,167,'香坊区',3,0),(1420,167,'太平区',3,0),(1421,167,'道外区',3,0),(1422,167,'阿城区',3,0),(1423,167,'呼兰区',3,0),(1424,167,'松北区',3,0),(1425,167,'尚志市',3,0),(1426,167,'双城市',3,0),(1427,167,'五常市',3,0),(1428,167,'方正县',3,0),(1429,167,'宾县',3,0),(1430,167,'依兰县',3,0),(1431,167,'巴彦县',3,0),(1432,167,'通河县',3,0),(1433,167,'木兰县',3,0),(1434,167,'延寿县',3,0),(1435,168,'萨尔图区',3,0),(1436,168,'红岗区',3,0),(1437,168,'龙凤区',3,0),(1438,168,'让胡路区',3,0),(1439,168,'大同区',3,0),(1440,168,'肇州县',3,0),(1441,168,'肇源县',3,0),(1442,168,'林甸县',3,0),(1443,168,'杜尔伯特',3,0),(1444,169,'呼玛县',3,0),(1445,169,'漠河县',3,0),(1446,169,'塔河县',3,0),(1447,170,'兴山区',3,0),(1448,170,'工农区',3,0),(1449,170,'南山区',3,0),(1450,170,'兴安区',3,0),(1451,170,'向阳区',3,0),(1452,170,'东山区',3,0),(1453,170,'萝北县',3,0),(1454,170,'绥滨县',3,0),(1455,171,'爱辉区',3,0),(1456,171,'五大连池市',3,0),(1457,171,'北安市',3,0),(1458,171,'嫩江县',3,0),(1459,171,'逊克县',3,0),(1460,171,'孙吴县',3,0),(1461,172,'鸡冠区',3,0),(1462,172,'恒山区',3,0),(1463,172,'城子河区',3,0),(1464,172,'滴道区',3,0),(1465,172,'梨树区',3,0),(1466,172,'虎林市',3,0),(1467,172,'密山市',3,0),(1468,172,'鸡东县',3,0),(1469,173,'前进区',3,0),(1470,173,'郊区',3,0),(1471,173,'向阳区',3,0),(1472,173,'东风区',3,0),(1473,173,'同江市',3,0),(1474,173,'富锦市',3,0),(1475,173,'桦南县',3,0),(1476,173,'桦川县',3,0),(1477,173,'汤原县',3,0),(1478,173,'抚远县',3,0),(1479,174,'爱民区',3,0),(1480,174,'东安区',3,0),(1481,174,'阳明区',3,0),(1482,174,'西安区',3,0),(1483,174,'绥芬河市',3,0),(1484,174,'海林市',3,0),(1485,174,'宁安市',3,0),(1486,174,'穆棱市',3,0),(1487,174,'东宁县',3,0),(1488,174,'林口县',3,0),(1489,175,'桃山区',3,0),(1490,175,'新兴区',3,0),(1491,175,'茄子河区',3,0),(1492,175,'勃利县',3,0),(1493,176,'龙沙区',3,0),(1494,176,'昂昂溪区',3,0),(1495,176,'铁峰区',3,0),(1496,176,'建华区',3,0),(1497,176,'富拉尔基区',3,0),(1498,176,'碾子山区',3,0),(1499,176,'梅里斯达斡尔区',3,0),(1500,176,'讷河市',3,0),(1501,176,'龙江县',3,0),(1502,176,'依安县',3,0),(1503,176,'泰来县',3,0),(1504,176,'甘南县',3,0),(1505,176,'富裕县',3,0),(1506,176,'克山县',3,0),(1507,176,'克东县',3,0),(1508,176,'拜泉县',3,0),(1509,177,'尖山区',3,0),(1510,177,'岭东区',3,0),(1511,177,'四方台区',3,0),(1512,177,'宝山区',3,0),(1513,177,'集贤县',3,0),(1514,177,'友谊县',3,0),(1515,177,'宝清县',3,0),(1516,177,'饶河县',3,0),(1517,178,'北林区',3,0),(1518,178,'安达市',3,0),(1519,178,'肇东市',3,0),(1520,178,'海伦市',3,0),(1521,178,'望奎县',3,0),(1522,178,'兰西县',3,0),(1523,178,'青冈县',3,0),(1524,178,'庆安县',3,0),(1525,178,'明水县',3,0),(1526,178,'绥棱县',3,0),(1527,179,'伊春区',3,0),(1528,179,'带岭区',3,0),(1529,179,'南岔区',3,0),(1530,179,'金山屯区',3,0),(1531,179,'西林区',3,0),(1532,179,'美溪区',3,0),(1533,179,'乌马河区',3,0),(1534,179,'翠峦区',3,0),(1535,179,'友好区',3,0),(1536,179,'上甘岭区',3,0),(1537,179,'五营区',3,0),(1538,179,'红星区',3,0),(1539,179,'新青区',3,0),(1540,179,'汤旺河区',3,0),(1541,179,'乌伊岭区',3,0),(1542,179,'铁力市',3,0),(1543,179,'嘉荫县',3,0),(1544,180,'江岸区',3,0),(1545,180,'武昌区',3,0),(1546,180,'江汉区',3,0),(1547,180,'硚口区',3,0),(1548,180,'汉阳区',3,0),(1549,180,'青山区',3,0),(1550,180,'洪山区',3,0),(1551,180,'东西湖区',3,0),(1552,180,'汉南区',3,0),(1553,180,'蔡甸区',3,0),(1554,180,'江夏区',3,0),(1555,180,'黄陂区',3,0),(1556,180,'新洲区',3,0),(1557,180,'经济开发区',3,0),(1558,181,'仙桃市',3,0),(1559,182,'鄂城区',3,0),(1560,182,'华容区',3,0),(1561,182,'梁子湖区',3,0),(1562,183,'黄州区',3,0),(1563,183,'麻城市',3,0),(1564,183,'武穴市',3,0),(1565,183,'团风县',3,0),(1566,183,'红安县',3,0),(1567,183,'罗田县',3,0),(1568,183,'英山县',3,0),(1569,183,'浠水县',3,0),(1570,183,'蕲春县',3,0),(1571,183,'黄梅县',3,0),(1572,184,'黄石港区',3,0),(1573,184,'西塞山区',3,0),(1574,184,'下陆区',3,0),(1575,184,'铁山区',3,0),(1576,184,'大冶市',3,0),(1577,184,'阳新县',3,0),(1578,185,'东宝区',3,0),(1579,185,'掇刀区',3,0),(1580,185,'钟祥市',3,0),(1581,185,'京山县',3,0),(1582,185,'沙洋县',3,0),(1583,186,'沙市区',3,0),(1584,186,'荆州区',3,0),(1585,186,'石首市',3,0),(1586,186,'洪湖市',3,0),(1587,186,'松滋市',3,0),(1588,186,'公安县',3,0),(1589,186,'监利县',3,0),(1590,186,'江陵县',3,0),(1591,187,'潜江市',3,0),(1592,188,'神农架林区',3,0),(1593,189,'张湾区',3,0),(1594,189,'茅箭区',3,0),(1595,189,'丹江口市',3,0),(1596,189,'郧县',3,0),(1597,189,'郧西县',3,0),(1598,189,'竹山县',3,0),(1599,189,'竹溪县',3,0),(1600,189,'房县',3,0),(1601,190,'曾都区',3,0),(1602,190,'广水市',3,0),(1603,191,'天门市',3,0),(1604,192,'咸安区',3,0),(1605,192,'赤壁市',3,0),(1606,192,'嘉鱼县',3,0),(1607,192,'通城县',3,0),(1608,192,'崇阳县',3,0),(1609,192,'通山县',3,0),(1610,193,'襄城区',3,0),(1611,193,'樊城区',3,0),(1612,193,'襄阳区',3,0),(1613,193,'老河口市',3,0),(1614,193,'枣阳市',3,0),(1615,193,'宜城市',3,0),(1616,193,'南漳县',3,0),(1617,193,'谷城县',3,0),(1618,193,'保康县',3,0),(1619,194,'孝南区',3,0),(1620,194,'应城市',3,0),(1621,194,'安陆市',3,0),(1622,194,'汉川市',3,0),(1623,194,'孝昌县',3,0),(1624,194,'大悟县',3,0),(1625,194,'云梦县',3,0),(1626,195,'长阳',3,0),(1627,195,'五峰',3,0),(1628,195,'西陵区',3,0),(1629,195,'伍家岗区',3,0),(1630,195,'点军区',3,0),(1631,195,'猇亭区',3,0),(1632,195,'夷陵区',3,0),(1633,195,'宜都市',3,0),(1634,195,'当阳市',3,0),(1635,195,'枝江市',3,0),(1636,195,'远安县',3,0),(1637,195,'兴山县',3,0),(1638,195,'秭归县',3,0),(1639,196,'恩施市',3,0),(1640,196,'利川市',3,0),(1641,196,'建始县',3,0),(1642,196,'巴东县',3,0),(1643,196,'宣恩县',3,0),(1644,196,'咸丰县',3,0),(1645,196,'来凤县',3,0),(1646,196,'鹤峰县',3,0),(1647,197,'岳麓区',3,0),(1648,197,'芙蓉区',3,0),(1649,197,'天心区',3,0),(1650,197,'开福区',3,0),(1651,197,'雨花区',3,0),(1652,197,'开发区',3,0),(1653,197,'浏阳市',3,0),(1654,197,'长沙县',3,0),(1655,197,'望城县',3,0),(1656,197,'宁乡县',3,0),(1657,198,'永定区',3,0),(1658,198,'武陵源区',3,0),(1659,198,'慈利县',3,0),(1660,198,'桑植县',3,0),(1661,199,'武陵区',3,0),(1662,199,'鼎城区',3,0),(1663,199,'津市市',3,0),(1664,199,'安乡县',3,0),(1665,199,'汉寿县',3,0),(1666,199,'澧县',3,0),(1667,199,'临澧县',3,0),(1668,199,'桃源县',3,0),(1669,199,'石门县',3,0),(1670,200,'北湖区',3,0),(1671,200,'苏仙区',3,0),(1672,200,'资兴市',3,0),(1673,200,'桂阳县',3,0),(1674,200,'宜章县',3,0),(1675,200,'永兴县',3,0),(1676,200,'嘉禾县',3,0),(1677,200,'临武县',3,0),(1678,200,'汝城县',3,0),(1679,200,'桂东县',3,0),(1680,200,'安仁县',3,0),(1681,201,'雁峰区',3,0),(1682,201,'珠晖区',3,0),(1683,201,'石鼓区',3,0),(1684,201,'蒸湘区',3,0),(1685,201,'南岳区',3,0),(1686,201,'耒阳市',3,0),(1687,201,'常宁市',3,0),(1688,201,'衡阳县',3,0),(1689,201,'衡南县',3,0),(1690,201,'衡山县',3,0),(1691,201,'衡东县',3,0),(1692,201,'祁东县',3,0),(1693,202,'鹤城区',3,0),(1694,202,'靖州',3,0),(1695,202,'麻阳',3,0),(1696,202,'通道',3,0),(1697,202,'新晃',3,0),(1698,202,'芷江',3,0),(1699,202,'沅陵县',3,0),(1700,202,'辰溪县',3,0),(1701,202,'溆浦县',3,0),(1702,202,'中方县',3,0),(1703,202,'会同县',3,0),(1704,202,'洪江市',3,0),(1705,203,'娄星区',3,0),(1706,203,'冷水江市',3,0),(1707,203,'涟源市',3,0),(1708,203,'双峰县',3,0),(1709,203,'新化县',3,0),(1710,204,'城步',3,0),(1711,204,'双清区',3,0),(1712,204,'大祥区',3,0),(1713,204,'北塔区',3,0),(1714,204,'武冈市',3,0),(1715,204,'邵东县',3,0),(1716,204,'新邵县',3,0),(1717,204,'邵阳县',3,0),(1718,204,'隆回县',3,0),(1719,204,'洞口县',3,0),(1720,204,'绥宁县',3,0),(1721,204,'新宁县',3,0),(1722,205,'岳塘区',3,0),(1723,205,'雨湖区',3,0),(1724,205,'湘乡市',3,0),(1725,205,'韶山市',3,0),(1726,205,'湘潭县',3,0),(1727,206,'吉首市',3,0),(1728,206,'泸溪县',3,0),(1729,206,'凤凰县',3,0),(1730,206,'花垣县',3,0),(1731,206,'保靖县',3,0),(1732,206,'古丈县',3,0),(1733,206,'永顺县',3,0),(1734,206,'龙山县',3,0),(1735,207,'赫山区',3,0),(1736,207,'资阳区',3,0),(1737,207,'沅江市',3,0),(1738,207,'南县',3,0),(1739,207,'桃江县',3,0),(1740,207,'安化县',3,0),(1741,208,'江华',3,0),(1742,208,'冷水滩区',3,0),(1743,208,'零陵区',3,0),(1744,208,'祁阳县',3,0),(1745,208,'东安县',3,0),(1746,208,'双牌县',3,0),(1747,208,'道县',3,0),(1748,208,'江永县',3,0),(1749,208,'宁远县',3,0),(1750,208,'蓝山县',3,0),(1751,208,'新田县',3,0),(1752,209,'岳阳楼区',3,0),(1753,209,'君山区',3,0),(1754,209,'云溪区',3,0),(1755,209,'汨罗市',3,0),(1756,209,'临湘市',3,0),(1757,209,'岳阳县',3,0),(1758,209,'华容县',3,0),(1759,209,'湘阴县',3,0),(1760,209,'平江县',3,0),(1761,210,'天元区',3,0),(1762,210,'荷塘区',3,0),(1763,210,'芦淞区',3,0),(1764,210,'石峰区',3,0),(1765,210,'醴陵市',3,0),(1766,210,'株洲县',3,0),(1767,210,'攸县',3,0),(1768,210,'茶陵县',3,0),(1769,210,'炎陵县',3,0),(1770,211,'朝阳区',3,0),(1771,211,'宽城区',3,0),(1772,211,'二道区',3,0),(1773,211,'南关区',3,0),(1774,211,'绿园区',3,0),(1775,211,'双阳区',3,0),(1776,211,'净月潭开发区',3,0),(1777,211,'高新技术开发区',3,0),(1778,211,'经济技术开发区',3,0),(1779,211,'汽车产业开发区',3,0),(1780,211,'德惠市',3,0),(1781,211,'九台市',3,0),(1782,211,'榆树市',3,0),(1783,211,'农安县',3,0),(1784,212,'船营区',3,0),(1785,212,'昌邑区',3,0),(1786,212,'龙潭区',3,0),(1787,212,'丰满区',3,0),(1788,212,'蛟河市',3,0),(1789,212,'桦甸市',3,0),(1790,212,'舒兰市',3,0),(1791,212,'磐石市',3,0),(1792,212,'永吉县',3,0),(1793,213,'洮北区',3,0),(1794,213,'洮南市',3,0),(1795,213,'大安市',3,0),(1796,213,'镇赉县',3,0),(1797,213,'通榆县',3,0),(1798,214,'江源区',3,0),(1799,214,'八道江区',3,0),(1800,214,'长白',3,0),(1801,214,'临江市',3,0),(1802,214,'抚松县',3,0),(1803,214,'靖宇县',3,0),(1804,215,'龙山区',3,0),(1805,215,'西安区',3,0),(1806,215,'东丰县',3,0),(1807,215,'东辽县',3,0),(1808,216,'铁西区',3,0),(1809,216,'铁东区',3,0),(1810,216,'伊通',3,0),(1811,216,'公主岭市',3,0),(1812,216,'双辽市',3,0),(1813,216,'梨树县',3,0),(1814,217,'前郭尔罗斯',3,0),(1815,217,'宁江区',3,0),(1816,217,'长岭县',3,0),(1817,217,'乾安县',3,0),(1818,217,'扶余县',3,0),(1819,218,'东昌区',3,0),(1820,218,'二道江区',3,0),(1821,218,'梅河口市',3,0),(1822,218,'集安市',3,0),(1823,218,'通化县',3,0),(1824,218,'辉南县',3,0),(1825,218,'柳河县',3,0),(1826,219,'延吉市',3,0),(1827,219,'图们市',3,0),(1828,219,'敦化市',3,0),(1829,219,'珲春市',3,0),(1830,219,'龙井市',3,0),(1831,219,'和龙市',3,0),(1832,219,'安图县',3,0),(1833,219,'汪清县',3,0),(1834,220,'玄武区',3,0),(1835,220,'鼓楼区',3,0),(1836,220,'白下区',3,0),(1837,220,'建邺区',3,0),(1838,220,'秦淮区',3,0),(1839,220,'雨花台区',3,0),(1840,220,'下关区',3,0),(1841,220,'栖霞区',3,0),(1842,220,'浦口区',3,0),(1843,220,'江宁区',3,0),(1844,220,'六合区',3,0),(1845,220,'溧水县',3,0),(1846,220,'高淳县',3,0),(1847,221,'沧浪区',3,0),(1848,221,'金阊区',3,0),(1849,221,'平江区',3,0),(1850,221,'虎丘区',3,0),(1851,221,'吴中区',3,0),(1852,221,'相城区',3,0),(1853,221,'园区',3,0),(1854,221,'新区',3,0),(1855,221,'常熟市',3,0),(1856,221,'张家港市',3,0),(1857,221,'玉山镇',3,0),(1858,221,'巴城镇',3,0),(1859,221,'周市镇',3,0),(1860,221,'陆家镇',3,0),(1861,221,'花桥镇',3,0),(1862,221,'淀山湖镇',3,0),(1863,221,'张浦镇',3,0),(1864,221,'周庄镇',3,0),(1865,221,'千灯镇',3,0),(1866,221,'锦溪镇',3,0),(1867,221,'开发区',3,0),(1868,221,'吴江市',3,0),(1869,221,'太仓市',3,0),(1870,222,'崇安区',3,0),(1871,222,'北塘区',3,0),(1872,222,'南长区',3,0),(1873,222,'锡山区',3,0),(1874,222,'惠山区',3,0),(1875,222,'滨湖区',3,0),(1876,222,'新区',3,0),(1877,222,'江阴市',3,0),(1878,222,'宜兴市',3,0),(1879,223,'天宁区',3,0),(1880,223,'钟楼区',3,0),(1881,223,'戚墅堰区',3,0),(1882,223,'郊区',3,0),(1883,223,'新北区',3,0),(1884,223,'武进区',3,0),(1885,223,'溧阳市',3,0),(1886,223,'金坛市',3,0),(1887,224,'清河区',3,0),(1888,224,'清浦区',3,0),(1889,224,'楚州区',3,0),(1890,224,'淮阴区',3,0),(1891,224,'涟水县',3,0),(1892,224,'洪泽县',3,0),(1893,224,'盱眙县',3,0),(1894,224,'金湖县',3,0),(1895,225,'新浦区',3,0),(1896,225,'连云区',3,0),(1897,225,'海州区',3,0),(1898,225,'赣榆县',3,0),(1899,225,'东海县',3,0),(1900,225,'灌云县',3,0),(1901,225,'灌南县',3,0),(1902,226,'崇川区',3,0),(1903,226,'港闸区',3,0),(1904,226,'经济开发区',3,0),(1905,226,'启东市',3,0),(1906,226,'如皋市',3,0),(1907,226,'通州市',3,0),(1908,226,'海门市',3,0),(1909,226,'海安县',3,0),(1910,226,'如东县',3,0),(1911,227,'宿城区',3,0),(1912,227,'宿豫区',3,0),(1913,227,'宿豫县',3,0),(1914,227,'沭阳县',3,0),(1915,227,'泗阳县',3,0),(1916,227,'泗洪县',3,0),(1917,228,'海陵区',3,0),(1918,228,'高港区',3,0),(1919,228,'兴化市',3,0),(1920,228,'靖江市',3,0),(1921,228,'泰兴市',3,0),(1922,228,'姜堰市',3,0),(1923,229,'云龙区',3,0),(1924,229,'鼓楼区',3,0),(1925,229,'九里区',3,0),(1926,229,'贾汪区',3,0),(1927,229,'泉山区',3,0),(1928,229,'新沂市',3,0),(1929,229,'邳州市',3,0),(1930,229,'丰县',3,0),(1931,229,'沛县',3,0),(1932,229,'铜山县',3,0),(1933,229,'睢宁县',3,0),(1934,230,'城区',3,0),(1935,230,'亭湖区',3,0),(1936,230,'盐都区',3,0),(1937,230,'盐都县',3,0),(1938,230,'东台市',3,0),(1939,230,'大丰市',3,0),(1940,230,'响水县',3,0),(1941,230,'滨海县',3,0),(1942,230,'阜宁县',3,0),(1943,230,'射阳县',3,0),(1944,230,'建湖县',3,0),(1945,231,'广陵区',3,0),(1946,231,'维扬区',3,0),(1947,231,'邗江区',3,0),(1948,231,'仪征市',3,0),(1949,231,'高邮市',3,0),(1950,231,'江都市',3,0),(1951,231,'宝应县',3,0),(1952,232,'京口区',3,0),(1953,232,'润州区',3,0),(1954,232,'丹徒区',3,0),(1955,232,'丹阳市',3,0),(1956,232,'扬中市',3,0),(1957,232,'句容市',3,0),(1958,233,'东湖区',3,0),(1959,233,'西湖区',3,0),(1960,233,'青云谱区',3,0),(1961,233,'湾里区',3,0),(1962,233,'青山湖区',3,0),(1963,233,'红谷滩新区',3,0),(1964,233,'昌北区',3,0),(1965,233,'高新区',3,0),(1966,233,'南昌县',3,0),(1967,233,'新建县',3,0),(1968,233,'安义县',3,0),(1969,233,'进贤县',3,0),(1970,234,'临川区',3,0),(1971,234,'南城县',3,0),(1972,234,'黎川县',3,0),(1973,234,'南丰县',3,0),(1974,234,'崇仁县',3,0),(1975,234,'乐安县',3,0),(1976,234,'宜黄县',3,0),(1977,234,'金溪县',3,0),(1978,234,'资溪县',3,0),(1979,234,'东乡县',3,0),(1980,234,'广昌县',3,0),(1981,235,'章贡区',3,0),(1982,235,'于都县',3,0),(1983,235,'瑞金市',3,0),(1984,235,'南康市',3,0),(1985,235,'赣县',3,0),(1986,235,'信丰县',3,0),(1987,235,'大余县',3,0),(1988,235,'上犹县',3,0),(1989,235,'崇义县',3,0),(1990,235,'安远县',3,0),(1991,235,'龙南县',3,0),(1992,235,'定南县',3,0),(1993,235,'全南县',3,0),(1994,235,'宁都县',3,0),(1995,235,'兴国县',3,0),(1996,235,'会昌县',3,0),(1997,235,'寻乌县',3,0),(1998,235,'石城县',3,0),(1999,236,'安福县',3,0),(2000,236,'吉州区',3,0),(2001,236,'青原区',3,0),(2002,236,'井冈山市',3,0),(2003,236,'吉安县',3,0),(2004,236,'吉水县',3,0),(2005,236,'峡江县',3,0),(2006,236,'新干县',3,0),(2007,236,'永丰县',3,0),(2008,236,'泰和县',3,0),(2009,236,'遂川县',3,0),(2010,236,'万安县',3,0),(2011,236,'永新县',3,0),(2012,237,'珠山区',3,0),(2013,237,'昌江区',3,0),(2014,237,'乐平市',3,0),(2015,237,'浮梁县',3,0),(2016,238,'浔阳区',3,0),(2017,238,'庐山区',3,0),(2018,238,'瑞昌市',3,0),(2019,238,'九江县',3,0),(2020,238,'武宁县',3,0),(2021,238,'修水县',3,0),(2022,238,'永修县',3,0),(2023,238,'德安县',3,0),(2024,238,'星子县',3,0),(2025,238,'都昌县',3,0),(2026,238,'湖口县',3,0),(2027,238,'彭泽县',3,0),(2028,239,'安源区',3,0),(2029,239,'湘东区',3,0),(2030,239,'莲花县',3,0),(2031,239,'芦溪县',3,0),(2032,239,'上栗县',3,0),(2033,240,'信州区',3,0),(2034,240,'德兴市',3,0),(2035,240,'上饶县',3,0),(2036,240,'广丰县',3,0),(2037,240,'玉山县',3,0),(2038,240,'铅山县',3,0),(2039,240,'横峰县',3,0),(2040,240,'弋阳县',3,0),(2041,240,'余干县',3,0),(2042,240,'波阳县',3,0),(2043,240,'万年县',3,0),(2044,240,'婺源县',3,0),(2045,241,'渝水区',3,0),(2046,241,'分宜县',3,0),(2047,242,'袁州区',3,0),(2048,242,'丰城市',3,0),(2049,242,'樟树市',3,0),(2050,242,'高安市',3,0),(2051,242,'奉新县',3,0),(2052,242,'万载县',3,0),(2053,242,'上高县',3,0),(2054,242,'宜丰县',3,0),(2055,242,'靖安县',3,0),(2056,242,'铜鼓县',3,0),(2057,243,'月湖区',3,0),(2058,243,'贵溪市',3,0),(2059,243,'余江县',3,0),(2060,244,'沈河区',3,0),(2061,244,'皇姑区',3,0),(2062,244,'和平区',3,0),(2063,244,'大东区',3,0),(2064,244,'铁西区',3,0),(2065,244,'苏家屯区',3,0),(2066,244,'东陵区',3,0),(2067,244,'沈北新区',3,0),(2068,244,'于洪区',3,0),(2069,244,'浑南新区',3,0),(2070,244,'新民市',3,0),(2071,244,'辽中县',3,0),(2072,244,'康平县',3,0),(2073,244,'法库县',3,0),(2074,245,'西岗区',3,0),(2075,245,'中山区',3,0),(2076,245,'沙河口区',3,0),(2077,245,'甘井子区',3,0),(2078,245,'旅顺口区',3,0),(2079,245,'金州区',3,0),(2080,245,'开发区',3,0),(2081,245,'瓦房店市',3,0),(2082,245,'普兰店市',3,0),(2083,245,'庄河市',3,0),(2084,245,'长海县',3,0),(2085,246,'铁东区',3,0),(2086,246,'铁西区',3,0),(2087,246,'立山区',3,0),(2088,246,'千山区',3,0),(2089,246,'岫岩',3,0),(2090,246,'海城市',3,0),(2091,246,'台安县',3,0),(2092,247,'本溪',3,0),(2093,247,'平山区',3,0),(2094,247,'明山区',3,0),(2095,247,'溪湖区',3,0),(2096,247,'南芬区',3,0),(2097,247,'桓仁',3,0),(2098,248,'双塔区',3,0),(2099,248,'龙城区',3,0),(2100,248,'喀喇沁左翼蒙古族自治县',3,0),(2101,248,'北票市',3,0),(2102,248,'凌源市',3,0),(2103,248,'朝阳县',3,0),(2104,248,'建平县',3,0),(2105,249,'振兴区',3,0),(2106,249,'元宝区',3,0),(2107,249,'振安区',3,0),(2108,249,'宽甸',3,0),(2109,249,'东港市',3,0),(2110,249,'凤城市',3,0),(2111,250,'顺城区',3,0),(2112,250,'新抚区',3,0),(2113,250,'东洲区',3,0),(2114,250,'望花区',3,0),(2115,250,'清原',3,0),(2116,250,'新宾',3,0),(2117,250,'抚顺县',3,0),(2118,251,'阜新',3,0),(2119,251,'海州区',3,0),(2120,251,'新邱区',3,0),(2121,251,'太平区',3,0),(2122,251,'清河门区',3,0),(2123,251,'细河区',3,0),(2124,251,'彰武县',3,0),(2125,252,'龙港区',3,0),(2126,252,'南票区',3,0),(2127,252,'连山区',3,0),(2128,252,'兴城市',3,0),(2129,252,'绥中县',3,0),(2130,252,'建昌县',3,0),(2131,253,'太和区',3,0),(2132,253,'古塔区',3,0),(2133,253,'凌河区',3,0),(2134,253,'凌海市',3,0),(2135,253,'北镇市',3,0),(2136,253,'黑山县',3,0),(2137,253,'义县',3,0),(2138,254,'白塔区',3,0),(2139,254,'文圣区',3,0),(2140,254,'宏伟区',3,0),(2141,254,'太子河区',3,0),(2142,254,'弓长岭区',3,0),(2143,254,'灯塔市',3,0),(2144,254,'辽阳县',3,0),(2145,255,'双台子区',3,0),(2146,255,'兴隆台区',3,0),(2147,255,'大洼县',3,0),(2148,255,'盘山县',3,0),(2149,256,'银州区',3,0),(2150,256,'清河区',3,0),(2151,256,'调兵山市',3,0),(2152,256,'开原市',3,0),(2153,256,'铁岭县',3,0),(2154,256,'西丰县',3,0),(2155,256,'昌图县',3,0),(2156,257,'站前区',3,0),(2157,257,'西市区',3,0),(2158,257,'鲅鱼圈区',3,0),(2159,257,'老边区',3,0),(2160,257,'盖州市',3,0),(2161,257,'大石桥市',3,0),(2162,258,'回民区',3,0),(2163,258,'玉泉区',3,0),(2164,258,'新城区',3,0),(2165,258,'赛罕区',3,0),(2166,258,'清水河县',3,0),(2167,258,'土默特左旗',3,0),(2168,258,'托克托县',3,0),(2169,258,'和林格尔县',3,0),(2170,258,'武川县',3,0),(2171,259,'阿拉善左旗',3,0),(2172,259,'阿拉善右旗',3,0),(2173,259,'额济纳旗',3,0),(2174,260,'临河区',3,0),(2175,260,'五原县',3,0),(2176,260,'磴口县',3,0),(2177,260,'乌拉特前旗',3,0),(2178,260,'乌拉特中旗',3,0),(2179,260,'乌拉特后旗',3,0),(2180,260,'杭锦后旗',3,0),(2181,261,'昆都仑区',3,0),(2182,261,'青山区',3,0),(2183,261,'东河区',3,0),(2184,261,'九原区',3,0),(2185,261,'石拐区',3,0),(2186,261,'白云矿区',3,0),(2187,261,'土默特右旗',3,0),(2188,261,'固阳县',3,0),(2189,261,'达尔罕茂明安联合旗',3,0),(2190,262,'红山区',3,0),(2191,262,'元宝山区',3,0),(2192,262,'松山区',3,0),(2193,262,'阿鲁科尔沁旗',3,0),(2194,262,'巴林左旗',3,0),(2195,262,'巴林右旗',3,0),(2196,262,'林西县',3,0),(2197,262,'克什克腾旗',3,0),(2198,262,'翁牛特旗',3,0),(2199,262,'喀喇沁旗',3,0),(2200,262,'宁城县',3,0),(2201,262,'敖汉旗',3,0),(2202,263,'东胜区',3,0),(2203,263,'达拉特旗',3,0),(2204,263,'准格尔旗',3,0),(2205,263,'鄂托克前旗',3,0),(2206,263,'鄂托克旗',3,0),(2207,263,'杭锦旗',3,0),(2208,263,'乌审旗',3,0),(2209,263,'伊金霍洛旗',3,0),(2210,264,'海拉尔区',3,0),(2211,264,'莫力达瓦',3,0),(2212,264,'满洲里市',3,0),(2213,264,'牙克石市',3,0),(2214,264,'扎兰屯市',3,0),(2215,264,'额尔古纳市',3,0),(2216,264,'根河市',3,0),(2217,264,'阿荣旗',3,0),(2218,264,'鄂伦春自治旗',3,0),(2219,264,'鄂温克族自治旗',3,0),(2220,264,'陈巴尔虎旗',3,0),(2221,264,'新巴尔虎左旗',3,0),(2222,264,'新巴尔虎右旗',3,0),(2223,265,'科尔沁区',3,0),(2224,265,'霍林郭勒市',3,0),(2225,265,'科尔沁左翼中旗',3,0),(2226,265,'科尔沁左翼后旗',3,0),(2227,265,'开鲁县',3,0),(2228,265,'库伦旗',3,0),(2229,265,'奈曼旗',3,0),(2230,265,'扎鲁特旗',3,0),(2231,266,'海勃湾区',3,0),(2232,266,'乌达区',3,0),(2233,266,'海南区',3,0),(2234,267,'化德县',3,0),(2235,267,'集宁区',3,0),(2236,267,'丰镇市',3,0),(2237,267,'卓资县',3,0),(2238,267,'商都县',3,0),(2239,267,'兴和县',3,0),(2240,267,'凉城县',3,0),(2241,267,'察哈尔右翼前旗',3,0),(2242,267,'察哈尔右翼中旗',3,0),(2243,267,'察哈尔右翼后旗',3,0),(2244,267,'四子王旗',3,0),(2245,268,'二连浩特市',3,0),(2246,268,'锡林浩特市',3,0),(2247,268,'阿巴嘎旗',3,0),(2248,268,'苏尼特左旗',3,0),(2249,268,'苏尼特右旗',3,0),(2250,268,'东乌珠穆沁旗',3,0),(2251,268,'西乌珠穆沁旗',3,0),(2252,268,'太仆寺旗',3,0),(2253,268,'镶黄旗',3,0),(2254,268,'正镶白旗',3,0),(2255,268,'正蓝旗',3,0),(2256,268,'多伦县',3,0),(2257,269,'乌兰浩特市',3,0),(2258,269,'阿尔山市',3,0),(2259,269,'科尔沁右翼前旗',3,0),(2260,269,'科尔沁右翼中旗',3,0),(2261,269,'扎赉特旗',3,0),(2262,269,'突泉县',3,0),(2263,270,'西夏区',3,0),(2264,270,'金凤区',3,0),(2265,270,'兴庆区',3,0),(2266,270,'灵武市',3,0),(2267,270,'永宁县',3,0),(2268,270,'贺兰县',3,0),(2269,271,'原州区',3,0),(2270,271,'海原县',3,0),(2271,271,'西吉县',3,0),(2272,271,'隆德县',3,0),(2273,271,'泾源县',3,0),(2274,271,'彭阳县',3,0),(2275,272,'惠农县',3,0),(2276,272,'大武口区',3,0),(2277,272,'惠农区',3,0),(2278,272,'陶乐县',3,0),(2279,272,'平罗县',3,0),(2280,273,'利通区',3,0),(2281,273,'中卫县',3,0),(2282,273,'青铜峡市',3,0),(2283,273,'中宁县',3,0),(2284,273,'盐池县',3,0),(2285,273,'同心县',3,0),(2286,274,'沙坡头区',3,0),(2287,274,'海原县',3,0),(2288,274,'中宁县',3,0),(2289,275,'城中区',3,0),(2290,275,'城东区',3,0),(2291,275,'城西区',3,0),(2292,275,'城北区',3,0),(2293,275,'湟中县',3,0),(2294,275,'湟源县',3,0),(2295,275,'大通',3,0),(2296,276,'玛沁县',3,0),(2297,276,'班玛县',3,0),(2298,276,'甘德县',3,0),(2299,276,'达日县',3,0),(2300,276,'久治县',3,0),(2301,276,'玛多县',3,0),(2302,277,'海晏县',3,0),(2303,277,'祁连县',3,0),(2304,277,'刚察县',3,0),(2305,277,'门源',3,0),(2306,278,'平安县',3,0),(2307,278,'乐都县',3,0),(2308,278,'民和',3,0),(2309,278,'互助',3,0),(2310,278,'化隆',3,0),(2311,278,'循化',3,0),(2312,279,'共和县',3,0),(2313,279,'同德县',3,0),(2314,279,'贵德县',3,0),(2315,279,'兴海县',3,0),(2316,279,'贵南县',3,0),(2317,280,'德令哈市',3,0),(2318,280,'格尔木市',3,0),(2319,280,'乌兰县',3,0),(2320,280,'都兰县',3,0),(2321,280,'天峻县',3,0),(2322,281,'同仁县',3,0),(2323,281,'尖扎县',3,0),(2324,281,'泽库县',3,0),(2325,281,'河南蒙古族自治县',3,0),(2326,282,'玉树县',3,0),(2327,282,'杂多县',3,0),(2328,282,'称多县',3,0),(2329,282,'治多县',3,0),(2330,282,'囊谦县',3,0),(2331,282,'曲麻莱县',3,0),(2332,283,'市中区',3,0),(2333,283,'历下区',3,0),(2334,283,'天桥区',3,0),(2335,283,'槐荫区',3,0),(2336,283,'历城区',3,0),(2337,283,'长清区',3,0),(2338,283,'章丘市',3,0),(2339,283,'平阴县',3,0),(2340,283,'济阳县',3,0),(2341,283,'商河县',3,0),(2342,284,'市南区',3,0),(2343,284,'市北区',3,0),(2344,284,'城阳区',3,0),(2345,284,'四方区',3,0),(2346,284,'李沧区',3,0),(2347,284,'黄岛区',3,0),(2348,284,'崂山区',3,0),(2349,284,'胶州市',3,0),(2350,284,'即墨市',3,0),(2351,284,'平度市',3,0),(2352,284,'胶南市',3,0),(2353,284,'莱西市',3,0),(2354,285,'滨城区',3,0),(2355,285,'惠民县',3,0),(2356,285,'阳信县',3,0),(2357,285,'无棣县',3,0),(2358,285,'沾化县',3,0),(2359,285,'博兴县',3,0),(2360,285,'邹平县',3,0),(2361,286,'德城区',3,0),(2362,286,'陵县',3,0),(2363,286,'乐陵市',3,0),(2364,286,'禹城市',3,0),(2365,286,'宁津县',3,0),(2366,286,'庆云县',3,0),(2367,286,'临邑县',3,0),(2368,286,'齐河县',3,0),(2369,286,'平原县',3,0),(2370,286,'夏津县',3,0),(2371,286,'武城县',3,0),(2372,287,'东营区',3,0),(2373,287,'河口区',3,0),(2374,287,'垦利县',3,0),(2375,287,'利津县',3,0),(2376,287,'广饶县',3,0),(2377,288,'牡丹区',3,0),(2378,288,'曹县',3,0),(2379,288,'单县',3,0),(2380,288,'成武县',3,0),(2381,288,'巨野县',3,0),(2382,288,'郓城县',3,0),(2383,288,'鄄城县',3,0),(2384,288,'定陶县',3,0),(2385,288,'东明县',3,0),(2386,289,'市中区',3,0),(2387,289,'任城区',3,0),(2388,289,'曲阜市',3,0),(2389,289,'兖州市',3,0),(2390,289,'邹城市',3,0),(2391,289,'微山县',3,0),(2392,289,'鱼台县',3,0),(2393,289,'金乡县',3,0),(2394,289,'嘉祥县',3,0),(2395,289,'汶上县',3,0),(2396,289,'泗水县',3,0),(2397,289,'梁山县',3,0),(2398,290,'莱城区',3,0),(2399,290,'钢城区',3,0),(2400,291,'东昌府区',3,0),(2401,291,'临清市',3,0),(2402,291,'阳谷县',3,0),(2403,291,'莘县',3,0),(2404,291,'茌平县',3,0),(2405,291,'东阿县',3,0),(2406,291,'冠县',3,0),(2407,291,'高唐县',3,0),(2408,292,'兰山区',3,0),(2409,292,'罗庄区',3,0),(2410,292,'河东区',3,0),(2411,292,'沂南县',3,0),(2412,292,'郯城县',3,0),(2413,292,'沂水县',3,0),(2414,292,'苍山县',3,0),(2415,292,'费县',3,0),(2416,292,'平邑县',3,0),(2417,292,'莒南县',3,0),(2418,292,'蒙阴县',3,0),(2419,292,'临沭县',3,0),(2420,293,'东港区',3,0),(2421,293,'岚山区',3,0),(2422,293,'五莲县',3,0),(2423,293,'莒县',3,0),(2424,294,'泰山区',3,0),(2425,294,'岱岳区',3,0),(2426,294,'新泰市',3,0),(2427,294,'肥城市',3,0),(2428,294,'宁阳县',3,0),(2429,294,'东平县',3,0),(2430,295,'荣成市',3,0),(2431,295,'乳山市',3,0),(2432,295,'环翠区',3,0),(2433,295,'文登市',3,0),(2434,296,'潍城区',3,0),(2435,296,'寒亭区',3,0),(2436,296,'坊子区',3,0),(2437,296,'奎文区',3,0),(2438,296,'青州市',3,0),(2439,296,'诸城市',3,0),(2440,296,'寿光市',3,0),(2441,296,'安丘市',3,0),(2442,296,'高密市',3,0),(2443,296,'昌邑市',3,0),(2444,296,'临朐县',3,0),(2445,296,'昌乐县',3,0),(2446,297,'芝罘区',3,0),(2447,297,'福山区',3,0),(2448,297,'牟平区',3,0),(2449,297,'莱山区',3,0),(2450,297,'开发区',3,0),(2451,297,'龙口市',3,0),(2452,297,'莱阳市',3,0),(2453,297,'莱州市',3,0),(2454,297,'蓬莱市',3,0),(2455,297,'招远市',3,0),(2456,297,'栖霞市',3,0),(2457,297,'海阳市',3,0),(2458,297,'长岛县',3,0),(2459,298,'市中区',3,0),(2460,298,'山亭区',3,0),(2461,298,'峄城区',3,0),(2462,298,'台儿庄区',3,0),(2463,298,'薛城区',3,0),(2464,298,'滕州市',3,0),(2465,299,'张店区',3,0),(2466,299,'临淄区',3,0),(2467,299,'淄川区',3,0),(2468,299,'博山区',3,0),(2469,299,'周村区',3,0),(2470,299,'桓台县',3,0),(2471,299,'高青县',3,0),(2472,299,'沂源县',3,0),(2473,300,'杏花岭区',3,0),(2474,300,'小店区',3,0),(2475,300,'迎泽区',3,0),(2476,300,'尖草坪区',3,0),(2477,300,'万柏林区',3,0),(2478,300,'晋源区',3,0),(2479,300,'高新开发区',3,0),(2480,300,'民营经济开发区',3,0),(2481,300,'经济技术开发区',3,0),(2482,300,'清徐县',3,0),(2483,300,'阳曲县',3,0),(2484,300,'娄烦县',3,0),(2485,300,'古交市',3,0),(2486,301,'城区',3,0),(2487,301,'郊区',3,0),(2488,301,'沁县',3,0),(2489,301,'潞城市',3,0),(2490,301,'长治县',3,0),(2491,301,'襄垣县',3,0),(2492,301,'屯留县',3,0),(2493,301,'平顺县',3,0),(2494,301,'黎城县',3,0),(2495,301,'壶关县',3,0),(2496,301,'长子县',3,0),(2497,301,'武乡县',3,0),(2498,301,'沁源县',3,0),(2499,302,'城区',3,0),(2500,302,'矿区',3,0),(2501,302,'南郊区',3,0),(2502,302,'新荣区',3,0),(2503,302,'阳高县',3,0),(2504,302,'天镇县',3,0),(2505,302,'广灵县',3,0),(2506,302,'灵丘县',3,0),(2507,302,'浑源县',3,0),(2508,302,'左云县',3,0),(2509,302,'大同县',3,0),(2510,303,'城区',3,0),(2511,303,'高平市',3,0),(2512,303,'沁水县',3,0),(2513,303,'阳城县',3,0),(2514,303,'陵川县',3,0),(2515,303,'泽州县',3,0),(2516,304,'榆次区',3,0),(2517,304,'介休市',3,0),(2518,304,'榆社县',3,0),(2519,304,'左权县',3,0),(2520,304,'和顺县',3,0),(2521,304,'昔阳县',3,0),(2522,304,'寿阳县',3,0),(2523,304,'太谷县',3,0),(2524,304,'祁县',3,0),(2525,304,'平遥县',3,0),(2526,304,'灵石县',3,0),(2527,305,'尧都区',3,0),(2528,305,'侯马市',3,0),(2529,305,'霍州市',3,0),(2530,305,'曲沃县',3,0),(2531,305,'翼城县',3,0),(2532,305,'襄汾县',3,0),(2533,305,'洪洞县',3,0),(2534,305,'吉县',3,0),(2535,305,'安泽县',3,0),(2536,305,'浮山县',3,0),(2537,305,'古县',3,0),(2538,305,'乡宁县',3,0),(2539,305,'大宁县',3,0),(2540,305,'隰县',3,0),(2541,305,'永和县',3,0),(2542,305,'蒲县',3,0),(2543,305,'汾西县',3,0),(2544,306,'离石市',3,0),(2545,306,'离石区',3,0),(2546,306,'孝义市',3,0),(2547,306,'汾阳市',3,0),(2548,306,'文水县',3,0),(2549,306,'交城县',3,0),(2550,306,'兴县',3,0),(2551,306,'临县',3,0),(2552,306,'柳林县',3,0),(2553,306,'石楼县',3,0),(2554,306,'岚县',3,0),(2555,306,'方山县',3,0),(2556,306,'中阳县',3,0),(2557,306,'交口县',3,0),(2558,307,'朔城区',3,0),(2559,307,'平鲁区',3,0),(2560,307,'山阴县',3,0),(2561,307,'应县',3,0),(2562,307,'右玉县',3,0),(2563,307,'怀仁县',3,0),(2564,308,'忻府区',3,0),(2565,308,'原平市',3,0),(2566,308,'定襄县',3,0),(2567,308,'五台县',3,0),(2568,308,'代县',3,0),(2569,308,'繁峙县',3,0),(2570,308,'宁武县',3,0),(2571,308,'静乐县',3,0),(2572,308,'神池县',3,0),(2573,308,'五寨县',3,0),(2574,308,'岢岚县',3,0),(2575,308,'河曲县',3,0),(2576,308,'保德县',3,0),(2577,308,'偏关县',3,0),(2578,309,'城区',3,0),(2579,309,'矿区',3,0),(2580,309,'郊区',3,0),(2581,309,'平定县',3,0),(2582,309,'盂县',3,0),(2583,310,'盐湖区',3,0),(2584,310,'永济市',3,0),(2585,310,'河津市',3,0),(2586,310,'临猗县',3,0),(2587,310,'万荣县',3,0),(2588,310,'闻喜县',3,0),(2589,310,'稷山县',3,0),(2590,310,'新绛县',3,0),(2591,310,'绛县',3,0),(2592,310,'垣曲县',3,0),(2593,310,'夏县',3,0),(2594,310,'平陆县',3,0),(2595,310,'芮城县',3,0),(2596,311,'莲湖区',3,0),(2597,311,'新城区',3,0),(2598,311,'碑林区',3,0),(2599,311,'雁塔区',3,0),(2600,311,'灞桥区',3,0),(2601,311,'未央区',3,0),(2602,311,'阎良区',3,0),(2603,311,'临潼区',3,0),(2604,311,'长安区',3,0),(2605,311,'蓝田县',3,0),(2606,311,'周至县',3,0),(2607,311,'户县',3,0),(2608,311,'高陵县',3,0),(2609,312,'汉滨区',3,0),(2610,312,'汉阴县',3,0),(2611,312,'石泉县',3,0),(2612,312,'宁陕县',3,0),(2613,312,'紫阳县',3,0),(2614,312,'岚皋县',3,0),(2615,312,'平利县',3,0),(2616,312,'镇坪县',3,0),(2617,312,'旬阳县',3,0),(2618,312,'白河县',3,0),(2619,313,'陈仓区',3,0),(2620,313,'渭滨区',3,0),(2621,313,'金台区',3,0),(2622,313,'凤翔县',3,0),(2623,313,'岐山县',3,0),(2624,313,'扶风县',3,0),(2625,313,'眉县',3,0),(2626,313,'陇县',3,0),(2627,313,'千阳县',3,0),(2628,313,'麟游县',3,0),(2629,313,'凤县',3,0),(2630,313,'太白县',3,0),(2631,314,'汉台区',3,0),(2632,314,'南郑县',3,0),(2633,314,'城固县',3,0),(2634,314,'洋县',3,0),(2635,314,'西乡县',3,0),(2636,314,'勉县',3,0),(2637,314,'宁强县',3,0),(2638,314,'略阳县',3,0),(2639,314,'镇巴县',3,0),(2640,314,'留坝县',3,0),(2641,314,'佛坪县',3,0),(2642,315,'商州区',3,0),(2643,315,'洛南县',3,0),(2644,315,'丹凤县',3,0),(2645,315,'商南县',3,0),(2646,315,'山阳县',3,0),(2647,315,'镇安县',3,0),(2648,315,'柞水县',3,0),(2649,316,'耀州区',3,0),(2650,316,'王益区',3,0),(2651,316,'印台区',3,0),(2652,316,'宜君县',3,0),(2653,317,'临渭区',3,0),(2654,317,'韩城市',3,0),(2655,317,'华阴市',3,0),(2656,317,'华县',3,0),(2657,317,'潼关县',3,0),(2658,317,'大荔县',3,0),(2659,317,'合阳县',3,0),(2660,317,'澄城县',3,0),(2661,317,'蒲城县',3,0),(2662,317,'白水县',3,0),(2663,317,'富平县',3,0),(2664,318,'秦都区',3,0),(2665,318,'渭城区',3,0),(2666,318,'杨陵区',3,0),(2667,318,'兴平市',3,0),(2668,318,'三原县',3,0),(2669,318,'泾阳县',3,0),(2670,318,'乾县',3,0),(2671,318,'礼泉县',3,0),(2672,318,'永寿县',3,0),(2673,318,'彬县',3,0),(2674,318,'长武县',3,0),(2675,318,'旬邑县',3,0),(2676,318,'淳化县',3,0),(2677,318,'武功县',3,0),(2678,319,'吴起县',3,0),(2679,319,'宝塔区',3,0),(2680,319,'延长县',3,0),(2681,319,'延川县',3,0),(2682,319,'子长县',3,0),(2683,319,'安塞县',3,0),(2684,319,'志丹县',3,0),(2685,319,'甘泉县',3,0),(2686,319,'富县',3,0),(2687,319,'洛川县',3,0),(2688,319,'宜川县',3,0),(2689,319,'黄龙县',3,0),(2690,319,'黄陵县',3,0),(2691,320,'榆阳区',3,0),(2692,320,'神木县',3,0),(2693,320,'府谷县',3,0),(2694,320,'横山县',3,0),(2695,320,'靖边县',3,0),(2696,320,'定边县',3,0),(2697,320,'绥德县',3,0),(2698,320,'米脂县',3,0),(2699,320,'佳县',3,0),(2700,320,'吴堡县',3,0),(2701,320,'清涧县',3,0),(2702,320,'子洲县',3,0),(2703,321,'长宁区',3,0),(2704,321,'闸北区',3,0),(2705,321,'闵行区',3,0),(2706,321,'徐汇区',3,0),(2707,321,'浦东新区',3,0),(2708,321,'杨浦区',3,0),(2709,321,'普陀区',3,0),(2710,321,'静安区',3,0),(2711,321,'卢湾区',3,0),(2712,321,'虹口区',3,0),(2713,321,'黄浦区',3,0),(2714,321,'南汇区',3,0),(2715,321,'松江区',3,0),(2716,321,'嘉定区',3,0),(2717,321,'宝山区',3,0),(2718,321,'青浦区',3,0),(2719,321,'金山区',3,0),(2720,321,'奉贤区',3,0),(2721,321,'崇明县',3,0),(2722,322,'青羊区',3,0),(2723,322,'锦江区',3,0),(2724,322,'金牛区',3,0),(2725,322,'武侯区',3,0),(2726,322,'成华区',3,0),(2727,322,'龙泉驿区',3,0),(2728,322,'青白江区',3,0),(2729,322,'新都区',3,0),(2730,322,'温江区',3,0),(2731,322,'高新区',3,0),(2732,322,'高新西区',3,0),(2733,322,'都江堰市',3,0),(2734,322,'彭州市',3,0),(2735,322,'邛崃市',3,0),(2736,322,'崇州市',3,0),(2737,322,'金堂县',3,0),(2738,322,'双流县',3,0),(2739,322,'郫县',3,0),(2740,322,'大邑县',3,0),(2741,322,'蒲江县',3,0),(2742,322,'新津县',3,0),(2743,322,'都江堰市',3,0),(2744,322,'彭州市',3,0),(2745,322,'邛崃市',3,0),(2746,322,'崇州市',3,0),(2747,322,'金堂县',3,0),(2748,322,'双流县',3,0),(2749,322,'郫县',3,0),(2750,322,'大邑县',3,0),(2751,322,'蒲江县',3,0),(2752,322,'新津县',3,0),(2753,323,'涪城区',3,0),(2754,323,'游仙区',3,0),(2755,323,'江油市',3,0),(2756,323,'盐亭县',3,0),(2757,323,'三台县',3,0),(2758,323,'平武县',3,0),(2759,323,'安县',3,0),(2760,323,'梓潼县',3,0),(2761,323,'北川县',3,0),(2762,324,'马尔康县',3,0),(2763,324,'汶川县',3,0),(2764,324,'理县',3,0),(2765,324,'茂县',3,0),(2766,324,'松潘县',3,0),(2767,324,'九寨沟县',3,0),(2768,324,'金川县',3,0),(2769,324,'小金县',3,0),(2770,324,'黑水县',3,0),(2771,324,'壤塘县',3,0),(2772,324,'阿坝县',3,0),(2773,324,'若尔盖县',3,0),(2774,324,'红原县',3,0),(2775,325,'巴州区',3,0),(2776,325,'通江县',3,0),(2777,325,'南江县',3,0),(2778,325,'平昌县',3,0),(2779,326,'通川区',3,0),(2780,326,'万源市',3,0),(2781,326,'达县',3,0),(2782,326,'宣汉县',3,0),(2783,326,'开江县',3,0),(2784,326,'大竹县',3,0),(2785,326,'渠县',3,0),(2786,327,'旌阳区',3,0),(2787,327,'广汉市',3,0),(2788,327,'什邡市',3,0),(2789,327,'绵竹市',3,0),(2790,327,'罗江县',3,0),(2791,327,'中江县',3,0),(2792,328,'康定县',3,0),(2793,328,'丹巴县',3,0),(2794,328,'泸定县',3,0),(2795,328,'炉霍县',3,0),(2796,328,'九龙县',3,0),(2797,328,'甘孜县',3,0),(2798,328,'雅江县',3,0),(2799,328,'新龙县',3,0),(2800,328,'道孚县',3,0),(2801,328,'白玉县',3,0),(2802,328,'理塘县',3,0),(2803,328,'德格县',3,0),(2804,328,'乡城县',3,0),(2805,328,'石渠县',3,0),(2806,328,'稻城县',3,0),(2807,328,'色达县',3,0),(2808,328,'巴塘县',3,0),(2809,328,'得荣县',3,0),(2810,329,'广安区',3,0),(2811,329,'华蓥市',3,0),(2812,329,'岳池县',3,0),(2813,329,'武胜县',3,0),(2814,329,'邻水县',3,0),(2815,330,'利州区',3,0),(2816,330,'元坝区',3,0),(2817,330,'朝天区',3,0),(2818,330,'旺苍县',3,0),(2819,330,'青川县',3,0),(2820,330,'剑阁县',3,0),(2821,330,'苍溪县',3,0),(2822,331,'峨眉山市',3,0),(2823,331,'乐山市',3,0),(2824,331,'犍为县',3,0),(2825,331,'井研县',3,0),(2826,331,'夹江县',3,0),(2827,331,'沐川县',3,0),(2828,331,'峨边',3,0),(2829,331,'马边',3,0),(2830,332,'西昌市',3,0),(2831,332,'盐源县',3,0),(2832,332,'德昌县',3,0),(2833,332,'会理县',3,0),(2834,332,'会东县',3,0),(2835,332,'宁南县',3,0),(2836,332,'普格县',3,0),(2837,332,'布拖县',3,0),(2838,332,'金阳县',3,0),(2839,332,'昭觉县',3,0),(2840,332,'喜德县',3,0),(2841,332,'冕宁县',3,0),(2842,332,'越西县',3,0),(2843,332,'甘洛县',3,0),(2844,332,'美姑县',3,0),(2845,332,'雷波县',3,0),(2846,332,'木里',3,0),(2847,333,'东坡区',3,0),(2848,333,'仁寿县',3,0),(2849,333,'彭山县',3,0),(2850,333,'洪雅县',3,0),(2851,333,'丹棱县',3,0),(2852,333,'青神县',3,0),(2853,334,'阆中市',3,0),(2854,334,'南部县',3,0),(2855,334,'营山县',3,0),(2856,334,'蓬安县',3,0),(2857,334,'仪陇县',3,0),(2858,334,'顺庆区',3,0),(2859,334,'高坪区',3,0),(2860,334,'嘉陵区',3,0),(2861,334,'西充县',3,0),(2862,335,'市中区',3,0),(2863,335,'东兴区',3,0),(2864,335,'威远县',3,0),(2865,335,'资中县',3,0),(2866,335,'隆昌县',3,0),(2867,336,'东  区',3,0),(2868,336,'西  区',3,0),(2869,336,'仁和区',3,0),(2870,336,'米易县',3,0),(2871,336,'盐边县',3,0),(2872,337,'船山区',3,0),(2873,337,'安居区',3,0),(2874,337,'蓬溪县',3,0),(2875,337,'射洪县',3,0),(2876,337,'大英县',3,0),(2877,338,'雨城区',3,0),(2878,338,'名山县',3,0),(2879,338,'荥经县',3,0),(2880,338,'汉源县',3,0),(2881,338,'石棉县',3,0),(2882,338,'天全县',3,0),(2883,338,'芦山县',3,0),(2884,338,'宝兴县',3,0),(2885,339,'翠屏区',3,0),(2886,339,'宜宾县',3,0),(2887,339,'南溪县',3,0),(2888,339,'江安县',3,0),(2889,339,'长宁县',3,0),(2890,339,'高县',3,0),(2891,339,'珙县',3,0),(2892,339,'筠连县',3,0),(2893,339,'兴文县',3,0),(2894,339,'屏山县',3,0),(2895,340,'雁江区',3,0),(2896,340,'简阳市',3,0),(2897,340,'安岳县',3,0),(2898,340,'乐至县',3,0),(2899,341,'大安区',3,0),(2900,341,'自流井区',3,0),(2901,341,'贡井区',3,0),(2902,341,'沿滩区',3,0),(2903,341,'荣县',3,0),(2904,341,'富顺县',3,0),(2905,342,'江阳区',3,0),(2906,342,'纳溪区',3,0),(2907,342,'龙马潭区',3,0),(2908,342,'泸县',3,0),(2909,342,'合江县',3,0),(2910,342,'叙永县',3,0),(2911,342,'古蔺县',3,0),(2912,343,'和平区',3,0),(2913,343,'河西区',3,0),(2914,343,'南开区',3,0),(2915,343,'河北区',3,0),(2916,343,'河东区',3,0),(2917,343,'红桥区',3,0),(2918,343,'东丽区',3,0),(2919,343,'津南区',3,0),(2920,343,'西青区',3,0),(2921,343,'北辰区',3,0),(2922,343,'塘沽区',3,0),(2923,343,'汉沽区',3,0),(2924,343,'大港区',3,0),(2925,343,'武清区',3,0),(2926,343,'宝坻区',3,0),(2927,343,'经济开发区',3,0),(2928,343,'宁河县',3,0),(2929,343,'静海县',3,0),(2930,343,'蓟县',3,0),(2931,344,'城关区',3,0),(2932,344,'林周县',3,0),(2933,344,'当雄县',3,0),(2934,344,'尼木县',3,0),(2935,344,'曲水县',3,0),(2936,344,'堆龙德庆县',3,0),(2937,344,'达孜县',3,0),(2938,344,'墨竹工卡县',3,0),(2939,345,'噶尔县',3,0),(2940,345,'普兰县',3,0),(2941,345,'札达县',3,0),(2942,345,'日土县',3,0),(2943,345,'革吉县',3,0),(2944,345,'改则县',3,0),(2945,345,'措勤县',3,0),(2946,346,'昌都县',3,0),(2947,346,'江达县',3,0),(2948,346,'贡觉县',3,0),(2949,346,'类乌齐县',3,0),(2950,346,'丁青县',3,0),(2951,346,'察雅县',3,0),(2952,346,'八宿县',3,0),(2953,346,'左贡县',3,0),(2954,346,'芒康县',3,0),(2955,346,'洛隆县',3,0),(2956,346,'边坝县',3,0),(2957,347,'林芝县',3,0),(2958,347,'工布江达县',3,0),(2959,347,'米林县',3,0),(2960,347,'墨脱县',3,0),(2961,347,'波密县',3,0),(2962,347,'察隅县',3,0),(2963,347,'朗县',3,0),(2964,348,'那曲县',3,0),(2965,348,'嘉黎县',3,0),(2966,348,'比如县',3,0),(2967,348,'聂荣县',3,0),(2968,348,'安多县',3,0),(2969,348,'申扎县',3,0),(2970,348,'索县',3,0),(2971,348,'班戈县',3,0),(2972,348,'巴青县',3,0),(2973,348,'尼玛县',3,0),(2974,349,'日喀则市',3,0),(2975,349,'南木林县',3,0),(2976,349,'江孜县',3,0),(2977,349,'定日县',3,0),(2978,349,'萨迦县',3,0),(2979,349,'拉孜县',3,0),(2980,349,'昂仁县',3,0),(2981,349,'谢通门县',3,0),(2982,349,'白朗县',3,0),(2983,349,'仁布县',3,0),(2984,349,'康马县',3,0),(2985,349,'定结县',3,0),(2986,349,'仲巴县',3,0),(2987,349,'亚东县',3,0),(2988,349,'吉隆县',3,0),(2989,349,'聂拉木县',3,0),(2990,349,'萨嘎县',3,0),(2991,349,'岗巴县',3,0),(2992,350,'乃东县',3,0),(2993,350,'扎囊县',3,0),(2994,350,'贡嘎县',3,0),(2995,350,'桑日县',3,0),(2996,350,'琼结县',3,0),(2997,350,'曲松县',3,0),(2998,350,'措美县',3,0),(2999,350,'洛扎县',3,0),(3000,350,'加查县',3,0),(3001,350,'隆子县',3,0),(3002,350,'错那县',3,0),(3003,350,'浪卡子县',3,0),(3004,351,'天山区',3,0),(3005,351,'沙依巴克区',3,0),(3006,351,'新市区',3,0),(3007,351,'水磨沟区',3,0),(3008,351,'头屯河区',3,0),(3009,351,'达坂城区',3,0),(3010,351,'米东区',3,0),(3011,351,'乌鲁木齐县',3,0),(3012,352,'阿克苏市',3,0),(3013,352,'温宿县',3,0),(3014,352,'库车县',3,0),(3015,352,'沙雅县',3,0),(3016,352,'新和县',3,0),(3017,352,'拜城县',3,0),(3018,352,'乌什县',3,0),(3019,352,'阿瓦提县',3,0),(3020,352,'柯坪县',3,0),(3021,353,'阿拉尔市',3,0),(3022,354,'库尔勒市',3,0),(3023,354,'轮台县',3,0),(3024,354,'尉犁县',3,0),(3025,354,'若羌县',3,0),(3026,354,'且末县',3,0),(3027,354,'焉耆',3,0),(3028,354,'和静县',3,0),(3029,354,'和硕县',3,0),(3030,354,'博湖县',3,0),(3031,355,'博乐市',3,0),(3032,355,'精河县',3,0),(3033,355,'温泉县',3,0),(3034,356,'呼图壁县',3,0),(3035,356,'米泉市',3,0),(3036,356,'昌吉市',3,0),(3037,356,'阜康市',3,0),(3038,356,'玛纳斯县',3,0),(3039,356,'奇台县',3,0),(3040,356,'吉木萨尔县',3,0),(3041,356,'木垒',3,0),(3042,357,'哈密市',3,0),(3043,357,'伊吾县',3,0),(3044,357,'巴里坤',3,0),(3045,358,'和田市',3,0),(3046,358,'和田县',3,0),(3047,358,'墨玉县',3,0),(3048,358,'皮山县',3,0),(3049,358,'洛浦县',3,0),(3050,358,'策勒县',3,0),(3051,358,'于田县',3,0),(3052,358,'民丰县',3,0),(3053,359,'喀什市',3,0),(3054,359,'疏附县',3,0),(3055,359,'疏勒县',3,0),(3056,359,'英吉沙县',3,0),(3057,359,'泽普县',3,0),(3058,359,'莎车县',3,0),(3059,359,'叶城县',3,0),(3060,359,'麦盖提县',3,0),(3061,359,'岳普湖县',3,0),(3062,359,'伽师县',3,0),(3063,359,'巴楚县',3,0),(3064,359,'塔什库尔干',3,0),(3065,360,'克拉玛依市',3,0),(3066,361,'阿图什市',3,0),(3067,361,'阿克陶县',3,0),(3068,361,'阿合奇县',3,0),(3069,361,'乌恰县',3,0),(3070,362,'石河子市',3,0),(3071,363,'图木舒克市',3,0),(3072,364,'吐鲁番市',3,0),(3073,364,'鄯善县',3,0),(3074,364,'托克逊县',3,0),(3075,365,'五家渠市',3,0),(3076,366,'阿勒泰市',3,0),(3077,366,'布克赛尔',3,0),(3078,366,'伊宁市',3,0),(3079,366,'布尔津县',3,0),(3080,366,'奎屯市',3,0),(3081,366,'乌苏市',3,0),(3082,366,'额敏县',3,0),(3083,366,'富蕴县',3,0),(3084,366,'伊宁县',3,0),(3085,366,'福海县',3,0),(3086,366,'霍城县',3,0),(3087,366,'沙湾县',3,0),(3088,366,'巩留县',3,0),(3089,366,'哈巴河县',3,0),(3090,366,'托里县',3,0),(3091,366,'青河县',3,0),(3092,366,'新源县',3,0),(3093,366,'裕民县',3,0),(3094,366,'和布克赛尔',3,0),(3095,366,'吉木乃县',3,0),(3096,366,'昭苏县',3,0),(3097,366,'特克斯县',3,0),(3098,366,'尼勒克县',3,0),(3099,366,'察布查尔',3,0),(3100,367,'盘龙区',3,0),(3101,367,'五华区',3,0),(3102,367,'官渡区',3,0),(3103,367,'西山区',3,0),(3104,367,'东川区',3,0),(3105,367,'安宁市',3,0),(3106,367,'呈贡县',3,0),(3107,367,'晋宁县',3,0),(3108,367,'富民县',3,0),(3109,367,'宜良县',3,0),(3110,367,'嵩明县',3,0),(3111,367,'石林县',3,0),(3112,367,'禄劝',3,0),(3113,367,'寻甸',3,0),(3114,368,'兰坪',3,0),(3115,368,'泸水县',3,0),(3116,368,'福贡县',3,0),(3117,368,'贡山',3,0),(3118,369,'宁洱',3,0),(3119,369,'思茅区',3,0),(3120,369,'墨江',3,0),(3121,369,'景东',3,0),(3122,369,'景谷',3,0),(3123,369,'镇沅',3,0),(3124,369,'江城',3,0),(3125,369,'孟连',3,0),(3126,369,'澜沧',3,0),(3127,369,'西盟',3,0),(3128,370,'古城区',3,0),(3129,370,'宁蒗',3,0),(3130,370,'玉龙',3,0),(3131,370,'永胜县',3,0),(3132,370,'华坪县',3,0),(3133,371,'隆阳区',3,0),(3134,371,'施甸县',3,0),(3135,371,'腾冲县',3,0),(3136,371,'龙陵县',3,0),(3137,371,'昌宁县',3,0),(3138,372,'楚雄市',3,0),(3139,372,'双柏县',3,0),(3140,372,'牟定县',3,0),(3141,372,'南华县',3,0),(3142,372,'姚安县',3,0),(3143,372,'大姚县',3,0),(3144,372,'永仁县',3,0),(3145,372,'元谋县',3,0),(3146,372,'武定县',3,0),(3147,372,'禄丰县',3,0),(3148,373,'大理市',3,0),(3149,373,'祥云县',3,0),(3150,373,'宾川县',3,0),(3151,373,'弥渡县',3,0),(3152,373,'永平县',3,0),(3153,373,'云龙县',3,0),(3154,373,'洱源县',3,0),(3155,373,'剑川县',3,0),(3156,373,'鹤庆县',3,0),(3157,373,'漾濞',3,0),(3158,373,'南涧',3,0),(3159,373,'巍山',3,0),(3160,374,'潞西市',3,0),(3161,374,'瑞丽市',3,0),(3162,374,'梁河县',3,0),(3163,374,'盈江县',3,0),(3164,374,'陇川县',3,0),(3165,375,'香格里拉县',3,0),(3166,375,'德钦县',3,0),(3167,375,'维西',3,0),(3168,376,'泸西县',3,0),(3169,376,'蒙自县',3,0),(3170,376,'个旧市',3,0),(3171,376,'开远市',3,0),(3172,376,'绿春县',3,0),(3173,376,'建水县',3,0),(3174,376,'石屏县',3,0),(3175,376,'弥勒县',3,0),(3176,376,'元阳县',3,0),(3177,376,'红河县',3,0),(3178,376,'金平',3,0),(3179,376,'河口',3,0),(3180,376,'屏边',3,0),(3181,377,'临翔区',3,0),(3182,377,'凤庆县',3,0),(3183,377,'云县',3,0),(3184,377,'永德县',3,0),(3185,377,'镇康县',3,0),(3186,377,'双江',3,0),(3187,377,'耿马',3,0),(3188,377,'沧源',3,0),(3189,378,'麒麟区',3,0),(3190,378,'宣威市',3,0),(3191,378,'马龙县',3,0),(3192,378,'陆良县',3,0),(3193,378,'师宗县',3,0),(3194,378,'罗平县',3,0),(3195,378,'富源县',3,0),(3196,378,'会泽县',3,0),(3197,378,'沾益县',3,0),(3198,379,'文山县',3,0),(3199,379,'砚山县',3,0),(3200,379,'西畴县',3,0),(3201,379,'麻栗坡县',3,0),(3202,379,'马关县',3,0),(3203,379,'丘北县',3,0),(3204,379,'广南县',3,0),(3205,379,'富宁县',3,0),(3206,380,'景洪市',3,0),(3207,380,'勐海县',3,0),(3208,380,'勐腊县',3,0),(3209,381,'红塔区',3,0),(3210,381,'江川县',3,0),(3211,381,'澄江县',3,0),(3212,381,'通海县',3,0),(3213,381,'华宁县',3,0),(3214,381,'易门县',3,0),(3215,381,'峨山',3,0),(3216,381,'新平',3,0),(3217,381,'元江',3,0),(3218,382,'昭阳区',3,0),(3219,382,'鲁甸县',3,0),(3220,382,'巧家县',3,0),(3221,382,'盐津县',3,0),(3222,382,'大关县',3,0),(3223,382,'永善县',3,0),(3224,382,'绥江县',3,0),(3225,382,'镇雄县',3,0),(3226,382,'彝良县',3,0),(3227,382,'威信县',3,0),(3228,382,'水富县',3,0),(3229,383,'西湖区',3,0),(3230,383,'上城区',3,0),(3231,383,'下城区',3,0),(3232,383,'拱墅区',3,0),(3233,383,'滨江区',3,0),(3234,383,'江干区',3,0),(3235,383,'萧山区',3,0),(3236,383,'余杭区',3,0),(3237,383,'市郊',3,0),(3238,383,'建德市',3,0),(3239,383,'富阳市',3,0),(3240,383,'临安市',3,0),(3241,383,'桐庐县',3,0),(3242,383,'淳安县',3,0),(3243,384,'吴兴区',3,0),(3244,384,'南浔区',3,0),(3245,384,'德清县',3,0),(3246,384,'长兴县',3,0),(3247,384,'安吉县',3,0),(3248,385,'南湖区',3,0),(3249,385,'秀洲区',3,0),(3250,385,'海宁市',3,0),(3251,385,'嘉善县',3,0),(3252,385,'平湖市',3,0),(3253,385,'桐乡市',3,0),(3254,385,'海盐县',3,0),(3255,386,'婺城区',3,0),(3256,386,'金东区',3,0),(3257,386,'兰溪市',3,0),(3258,386,'市区',3,0),(3259,386,'佛堂镇',3,0),(3260,386,'上溪镇',3,0),(3261,386,'义亭镇',3,0),(3262,386,'大陈镇',3,0),(3263,386,'苏溪镇',3,0),(3264,386,'赤岸镇',3,0),(3265,386,'东阳市',3,0),(3266,386,'永康市',3,0),(3267,386,'武义县',3,0),(3268,386,'浦江县',3,0),(3269,386,'磐安县',3,0),(3270,387,'莲都区',3,0),(3271,387,'龙泉市',3,0),(3272,387,'青田县',3,0),(3273,387,'缙云县',3,0),(3274,387,'遂昌县',3,0),(3275,387,'松阳县',3,0),(3276,387,'云和县',3,0),(3277,387,'庆元县',3,0),(3278,387,'景宁',3,0),(3279,388,'海曙区',3,0),(3280,388,'江东区',3,0),(3281,388,'江北区',3,0),(3282,388,'镇海区',3,0),(3283,388,'北仑区',3,0),(3284,388,'鄞州区',3,0),(3285,388,'余姚市',3,0),(3286,388,'慈溪市',3,0),(3287,388,'奉化市',3,0),(3288,388,'象山县',3,0),(3289,388,'宁海县',3,0),(3290,389,'越城区',3,0),(3291,389,'上虞市',3,0),(3292,389,'嵊州市',3,0),(3293,389,'绍兴县',3,0),(3294,389,'新昌县',3,0),(3295,389,'诸暨市',3,0),(3296,390,'椒江区',3,0),(3297,390,'黄岩区',3,0),(3298,390,'路桥区',3,0),(3299,390,'温岭市',3,0),(3300,390,'临海市',3,0),(3301,390,'玉环县',3,0),(3302,390,'三门县',3,0),(3303,390,'天台县',3,0),(3304,390,'仙居县',3,0),(3305,391,'鹿城区',3,0),(3306,391,'龙湾区',3,0),(3307,391,'瓯海区',3,0),(3308,391,'瑞安市',3,0),(3309,391,'乐清市',3,0),(3310,391,'洞头县',3,0),(3311,391,'永嘉县',3,0),(3312,391,'平阳县',3,0),(3313,391,'苍南县',3,0),(3314,391,'文成县',3,0),(3315,391,'泰顺县',3,0),(3316,392,'定海区',3,0),(3317,392,'普陀区',3,0),(3318,392,'岱山县',3,0),(3319,392,'嵊泗县',3,0),(3320,393,'衢州市',3,0),(3321,393,'江山市',3,0),(3322,393,'常山县',3,0),(3323,393,'开化县',3,0),(3324,393,'龙游县',3,0),(3325,394,'合川区',3,0),(3326,394,'江津区',3,0),(3327,394,'南川区',3,0),(3328,394,'永川区',3,0),(3329,394,'南岸区',3,0),(3330,394,'渝北区',3,0),(3331,394,'万盛区',3,0),(3332,394,'大渡口区',3,0),(3333,394,'万州区',3,0),(3334,394,'北碚区',3,0),(3335,394,'沙坪坝区',3,0),(3336,394,'巴南区',3,0),(3337,394,'涪陵区',3,0),(3338,394,'江北区',3,0),(3339,394,'九龙坡区',3,0),(3340,394,'渝中区',3,0),(3341,394,'黔江开发区',3,0),(3342,394,'长寿区',3,0),(3343,394,'双桥区',3,0),(3344,394,'綦江县',3,0),(3345,394,'潼南县',3,0),(3346,394,'铜梁县',3,0),(3347,394,'大足县',3,0),(3348,394,'荣昌县',3,0),(3349,394,'璧山县',3,0),(3350,394,'垫江县',3,0),(3351,394,'武隆县',3,0),(3352,394,'丰都县',3,0),(3353,394,'城口县',3,0),(3354,394,'梁平县',3,0),(3355,394,'开县',3,0),(3356,394,'巫溪县',3,0),(3357,394,'巫山县',3,0),(3358,394,'奉节县',3,0),(3359,394,'云阳县',3,0),(3360,394,'忠县',3,0),(3361,394,'石柱',3,0),(3362,394,'彭水',3,0),(3363,394,'酉阳',3,0),(3364,394,'秀山',3,0),(3365,395,'沙田区',3,0),(3366,395,'东区',3,0),(3367,395,'观塘区',3,0),(3368,395,'黄大仙区',3,0),(3369,395,'九龙城区',3,0),(3370,395,'屯门区',3,0),(3371,395,'葵青区',3,0),(3372,395,'元朗区',3,0),(3373,395,'深水埗区',3,0),(3374,395,'西贡区',3,0),(3375,395,'大埔区',3,0),(3376,395,'湾仔区',3,0),(3377,395,'油尖旺区',3,0),(3378,395,'北区',3,0),(3379,395,'南区',3,0),(3380,395,'荃湾区',3,0),(3381,395,'中西区',3,0),(3382,395,'离岛区',3,0),(3383,396,'澳门',3,0),(3384,397,'台北',3,0),(3385,397,'高雄',3,0),(3386,397,'基隆',3,0),(3387,397,'台中',3,0),(3388,397,'台南',3,0),(3389,397,'新竹',3,0),(3390,397,'嘉义',3,0),(3391,397,'宜兰县',3,0),(3392,397,'桃园县',3,0),(3393,397,'苗栗县',3,0),(3394,397,'彰化县',3,0),(3395,397,'南投县',3,0),(3396,397,'云林县',3,0),(3397,397,'屏东县',3,0),(3398,397,'台东县',3,0),(3399,397,'花莲县',3,0),(3400,397,'澎湖县',3,0),(3401,3,'合肥',2,0),(3402,3401,'庐阳区',3,0),(3403,3401,'瑶海区',3,0),(3404,3401,'蜀山区',3,0),(3405,3401,'包河区',3,0),(3406,3401,'长丰县',3,0),(3407,3401,'肥东县',3,0),(3408,3401,'肥西县',3,0);

/*Table structure for table `wensy_sync_login` */

DROP TABLE IF EXISTS `wensy_sync_login`;

CREATE TABLE `wensy_sync_login` (
  `uid` int(11) NOT NULL,
  `openid` varchar(255) NOT NULL,
  `type` varchar(255) NOT NULL,
  `access_token` varchar(255) NOT NULL,
  `refresh_token` varchar(255) NOT NULL,
  `status` tinyint(4) NOT NULL
) ENGINE=MyISAM DEFAULT CHARSET=utf8;

/*Data for the table `wensy_sync_login` */

/*Table structure for table `wensy_ucenter_admin` */

DROP TABLE IF EXISTS `wensy_ucenter_admin`;

CREATE TABLE `wensy_ucenter_admin` (
  `id` int(10) unsigned NOT NULL AUTO_INCREMENT COMMENT '管理员ID',
  `member_id` int(10) unsigned NOT NULL DEFAULT '0' COMMENT '管理员用户ID',
  `status` tinyint(3) unsigned NOT NULL DEFAULT '0' COMMENT '管理员状态',
  PRIMARY KEY (`id`)
) ENGINE=MyISAM DEFAULT CHARSET=utf8 COMMENT='管理员表';

/*Data for the table `wensy_ucenter_admin` */

/*Table structure for table `wensy_ucenter_app` */

DROP TABLE IF EXISTS `wensy_ucenter_app`;

CREATE TABLE `wensy_ucenter_app` (
  `id` int(10) unsigned NOT NULL AUTO_INCREMENT COMMENT '应用ID',
  `title` varchar(30) NOT NULL COMMENT '应用名称',
  `url` varchar(100) NOT NULL COMMENT '应用URL',
  `ip` char(15) NOT NULL COMMENT '应用IP',
  `auth_key` varchar(100) NOT NULL COMMENT '加密KEY',
  `sys_login` tinyint(1) unsigned NOT NULL DEFAULT '0' COMMENT '同步登陆',
  `allow_ip` varchar(255) NOT NULL COMMENT '允许访问的IP',
  `create_time` int(10) unsigned NOT NULL DEFAULT '0' COMMENT '创建时间',
  `update_time` int(10) unsigned NOT NULL DEFAULT '0' COMMENT '更新时间',
  `status` tinyint(4) NOT NULL DEFAULT '0' COMMENT '应用状态',
  PRIMARY KEY (`id`),
  KEY `status` (`status`)
) ENGINE=MyISAM DEFAULT CHARSET=utf8 COMMENT='应用表';

/*Data for the table `wensy_ucenter_app` */

/*Table structure for table `wensy_ucenter_member` */

DROP TABLE IF EXISTS `wensy_ucenter_member`;

CREATE TABLE `wensy_ucenter_member` (
  `id` int(10) unsigned NOT NULL AUTO_INCREMENT COMMENT '用户ID',
  `username` char(16) NOT NULL COMMENT '用户名',
  `password` char(32) NOT NULL COMMENT '密码',
  `email` char(32) NOT NULL COMMENT '用户邮箱',
  `mobile` char(15) NOT NULL COMMENT '用户手机',
  `reg_time` int(10) unsigned NOT NULL DEFAULT '0' COMMENT '注册时间',
  `reg_ip` bigint(20) NOT NULL DEFAULT '0' COMMENT '注册IP',
  `last_login_time` int(10) unsigned NOT NULL DEFAULT '0' COMMENT '最后登录时间',
  `last_login_ip` bigint(20) NOT NULL DEFAULT '0' COMMENT '最后登录IP',
  `update_time` int(10) unsigned NOT NULL DEFAULT '0' COMMENT '更新时间',
  `status` tinyint(4) DEFAULT '0' COMMENT '用户状态',
  PRIMARY KEY (`id`),
  UNIQUE KEY `username` (`username`),
  UNIQUE KEY `email` (`email`),
  KEY `status` (`status`)
) ENGINE=MyISAM AUTO_INCREMENT=2 DEFAULT CHARSET=utf8 COMMENT='用户表';

/*Data for the table `wensy_ucenter_member` */

insert  into `wensy_ucenter_member`(`id`,`username`,`password`,`email`,`mobile`,`reg_time`,`reg_ip`,`last_login_time`,`last_login_ip`,`update_time`,`status`) values (1,'admin','ec1edc02b521ac9dfa3cf73c319fa276','admin@admin.com','',1434421694,2130706433,1441874350,2130706433,1434421694,1);

/*Table structure for table `wensy_ucenter_setting` */

DROP TABLE IF EXISTS `wensy_ucenter_setting`;

CREATE TABLE `wensy_ucenter_setting` (
  `id` int(10) unsigned NOT NULL AUTO_INCREMENT COMMENT '设置ID',
  `type` tinyint(3) unsigned NOT NULL DEFAULT '0' COMMENT '配置类型（1-用户配置）',
  `value` text NOT NULL COMMENT '配置数据',
  PRIMARY KEY (`id`)
) ENGINE=MyISAM DEFAULT CHARSET=utf8 COMMENT='设置表';

/*Data for the table `wensy_ucenter_setting` */

/*Table structure for table `wensy_url` */

DROP TABLE IF EXISTS `wensy_url`;

CREATE TABLE `wensy_url` (
  `id` int(11) unsigned NOT NULL AUTO_INCREMENT COMMENT '链接唯一标识',
  `url` char(255) NOT NULL DEFAULT '' COMMENT '链接地址',
  `short` char(100) NOT NULL DEFAULT '' COMMENT '短网址',
  `status` tinyint(2) NOT NULL DEFAULT '2' COMMENT '状态',
  `create_time` int(10) unsigned NOT NULL DEFAULT '0' COMMENT '创建时间',
  PRIMARY KEY (`id`),
  UNIQUE KEY `idx_url` (`url`)
) ENGINE=MyISAM DEFAULT CHARSET=utf8 COMMENT='链接表';

/*Data for the table `wensy_url` */

/*Table structure for table `wensy_userdata` */

DROP TABLE IF EXISTS `wensy_userdata`;

CREATE TABLE `wensy_userdata` (
  `uid` int(10) unsigned NOT NULL COMMENT '用户id',
  `type` tinyint(3) unsigned NOT NULL COMMENT '类型标识',
  `target_id` int(10) unsigned NOT NULL COMMENT '目标id',
  UNIQUE KEY `uid` (`uid`,`type`,`target_id`)
) ENGINE=MyISAM DEFAULT CHARSET=utf8;

/*Data for the table `wensy_userdata` */

/*!40101 SET SQL_MODE=@OLD_SQL_MODE */;
/*!40014 SET FOREIGN_KEY_CHECKS=@OLD_FOREIGN_KEY_CHECKS */;
/*!40014 SET UNIQUE_CHECKS=@OLD_UNIQUE_CHECKS */;
/*!40111 SET SQL_NOTES=@OLD_SQL_NOTES */;
